user_id,event_date,event_type
6,2024-03-25,subscribe
14,2024-04-24,subscribe
17,2024-05-30,subscribe
22,2024-02-08,subscribe
37,2024-03-14,subscribe
42,2024-03-22,subscribe
43,2024-06-20,subscribe
67,2024-02-29,subscribe
72,2024-02-15,subscribe
95,2024-05-18,subscribe
103,2024-05-10,subscribe
106,2024-02-10,subscribe
127,2024-01-29,subscribe
128,2024-05-26,subscribe
140,2024-05-27,subscribe
156,2024-04-28,subscribe
168,2024-01-05,subscribe
194,2024-01-12,subscribe
195,2024-05-10,subscribe
208,2024-05-27,subscribe
211,2024-03-12,subscribe
215,2024-06-01,subscribe
216,2024-04-15,subscribe
238,2024-06-04,subscribe
244,2024-03-31,subscribe
272,2024-05-01,subscribe
289,2024-06-02,subscribe
303,2024-02-21,subscribe
304,2024-01-11,subscribe
308,2024-02-05,subscribe
312,2024-03-04,subscribe
325,2024-05-15,subscribe
328,2024-04-11,subscribe
332,2024-04-29,subscribe
348,2024-03-30,subscribe
359,2024-02-16,subscribe
361,2024-02-06,subscribe
366,2024-01-19,subscribe
374,2024-01-19,subscribe
379,2024-04-06,subscribe
387,2024-05-09,subscribe
400,2024-02-27,subscribe
404,2024-04-21,subscribe
405,2024-01-18,subscribe
406,2024-05-01,subscribe
411,2024-03-02,subscribe
413,2024-02-24,subscribe
416,2024-05-02,subscribe
424,2024-01-29,subscribe
428,2024-04-30,subscribe
437,2024-01-09,subscribe
441,2024-04-28,subscribe
442,2024-02-24,subscribe
458,2024-04-16,subscribe
461,2024-04-02,subscribe
466,2024-01-27,subscribe
473,2024-06-05,subscribe
510,2024-03-22,subscribe
526,2024-01-27,subscribe
528,2024-05-23,subscribe
529,2024-04-14,subscribe
534,2024-04-10,subscribe
539,2024-04-26,subscribe
556,2024-06-02,subscribe
562,2024-04-05,subscribe
564,2024-06-04,subscribe
570,2024-07-06,subscribe
576,2024-02-10,subscribe
581,2024-05-08,subscribe
606,2024-03-16,subscribe
612,2024-02-16,subscribe
628,2024-03-14,subscribe
629,2024-05-13,subscribe
633,2024-05-13,subscribe
639,2024-06-25,subscribe
645,2024-06-15,subscribe
648,2024-02-20,subscribe
657,2024-02-24,subscribe
660,2024-06-13,subscribe
671,2024-06-13,subscribe
681,2024-07-05,subscribe
693,2024-03-28,subscribe
696,2024-06-06,subscribe
701,2024-01-17,subscribe
732,2024-05-31,subscribe
750,2024-01-09,subscribe
775,2024-07-08,subscribe
779,2024-02-06,subscribe
805,2024-05-23,subscribe
813,2024-06-28,subscribe
832,2024-07-04,subscribe
836,2024-03-19,subscribe
844,2024-02-23,subscribe
865,2024-04-30,subscribe
879,2024-04-05,subscribe
883,2024-05-26,subscribe
888,2024-03-08,subscribe
889,2024-04-21,subscribe
895,2024-01-21,subscribe
900,2024-06-24,subscribe
921,2024-03-08,subscribe
923,2024-05-20,subscribe
937,2024-07-06,subscribe
953,2024-05-30,subscribe
954,2024-02-27,subscribe
955,2024-01-04,subscribe
965,2024-01-09,subscribe
970,2024-01-15,subscribe
971,2024-06-07,subscribe
974,2024-05-21,subscribe
995,2024-03-26,subscribe
997,2024-05-08,subscribe
1012,2024-01-25,subscribe
1014,2024-02-03,subscribe
1015,2024-02-17,subscribe
1025,2024-02-24,subscribe
1033,2024-02-06,subscribe
1042,2024-06-04,subscribe
1044,2024-04-15,subscribe
1082,2024-01-18,subscribe
1084,2024-02-24,subscribe
1086,2024-03-19,subscribe
1116,2024-04-20,subscribe
1127,2024-05-29,subscribe
1153,2024-03-10,subscribe
1155,2024-06-09,subscribe
1164,2024-05-19,subscribe
1170,2024-04-21,subscribe
1171,2024-06-30,subscribe
1173,2024-01-29,subscribe
1178,2024-01-31,subscribe
1180,2024-06-01,subscribe
1183,2024-05-01,subscribe
1193,2024-04-24,subscribe
1202,2024-06-10,subscribe
1208,2024-06-22,subscribe
1225,2024-04-20,subscribe
1226,2024-05-15,subscribe
1230,2024-06-21,subscribe
1232,2024-04-02,subscribe
1236,2024-05-26,subscribe
1262,2024-01-20,subscribe
1263,2024-03-19,subscribe
1265,2024-06-20,subscribe
1279,2024-01-16,subscribe
1298,2024-05-18,subscribe
1301,2024-01-22,subscribe
1305,2024-04-20,subscribe
1310,2024-04-26,subscribe
1314,2024-03-21,subscribe
1324,2024-06-14,subscribe
1336,2024-06-29,subscribe
1337,2024-04-12,subscribe
1342,2024-05-25,subscribe
1343,2024-06-07,subscribe
1351,2024-02-13,subscribe
1352,2024-04-27,subscribe
1356,2024-01-14,subscribe
1372,2024-06-09,subscribe
1377,2024-02-12,subscribe
1378,2024-01-28,subscribe
1383,2024-02-20,subscribe
1384,2024-02-02,subscribe
1423,2024-05-26,subscribe
1431,2024-01-13,subscribe
1434,2024-06-29,subscribe
1443,2024-01-16,subscribe
1457,2024-01-14,subscribe
1459,2024-06-09,subscribe
1467,2024-06-29,subscribe
1471,2024-05-25,subscribe
1481,2024-05-10,subscribe
1485,2024-04-24,subscribe
1493,2024-05-01,subscribe
1515,2024-03-15,subscribe
1527,2024-04-25,subscribe
1550,2024-05-26,subscribe
1557,2024-03-14,subscribe
1558,2024-03-17,subscribe
1568,2024-06-04,subscribe
1570,2024-06-27,subscribe
1578,2024-03-25,subscribe
1593,2024-04-25,subscribe
1595,2024-02-28,subscribe
1597,2024-04-16,subscribe
1601,2024-01-17,subscribe
1615,2024-06-22,subscribe
1623,2024-02-06,subscribe
1645,2024-04-04,subscribe
1647,2024-06-17,subscribe
1652,2024-06-17,subscribe
1657,2024-06-08,subscribe
1675,2024-01-12,subscribe
1679,2024-05-14,subscribe
1689,2024-04-21,subscribe
1696,2024-03-21,subscribe
1713,2024-05-19,subscribe
1725,2024-01-19,subscribe
1726,2024-01-20,subscribe
1756,2024-03-11,subscribe
1768,2024-04-22,subscribe
1773,2024-02-19,subscribe
1785,2024-02-17,subscribe
1789,2024-03-30,subscribe
1808,2024-06-27,subscribe
1816,2024-03-02,subscribe
1818,2024-05-15,subscribe
1819,2024-01-15,subscribe
1820,2024-01-17,subscribe
1832,2024-03-06,subscribe
1836,2024-03-29,subscribe
1839,2024-03-04,subscribe
1849,2024-03-29,subscribe
1854,2024-05-07,subscribe
1857,2024-04-16,subscribe
1862,2024-02-12,subscribe
1866,2024-06-06,subscribe
1867,2024-06-08,subscribe
1872,2024-03-10,subscribe
1881,2024-04-09,subscribe
1907,2024-05-06,subscribe
1922,2024-03-26,subscribe
1923,2024-01-03,subscribe
1945,2024-06-20,subscribe
1948,2024-02-23,subscribe
1951,2024-01-12,subscribe
1974,2024-06-15,subscribe
1982,2024-04-24,subscribe
1989,2024-02-05,subscribe
1991,2024-01-08,subscribe
1995,2024-03-21,subscribe
2001,2024-05-17,subscribe
2002,2024-02-20,subscribe
2007,2024-06-12,subscribe
2017,2024-07-07,subscribe
2025,2024-04-18,subscribe
2026,2024-04-22,subscribe
2042,2024-03-16,subscribe
2059,2024-04-07,subscribe
2064,2024-06-18,subscribe
2078,2024-05-18,subscribe
2084,2024-03-17,subscribe
2085,2024-05-28,subscribe
2092,2024-02-10,subscribe
2109,2024-06-14,subscribe
2110,2024-01-18,subscribe
2118,2024-04-06,subscribe
2122,2024-05-15,subscribe
2125,2024-06-12,subscribe
2127,2024-03-28,subscribe
2148,2024-02-11,subscribe
2157,2024-03-19,subscribe
2162,2024-01-16,subscribe
2165,2024-03-23,subscribe
2166,2024-02-16,subscribe
2187,2024-06-07,subscribe
2192,2024-01-19,subscribe
2196,2024-05-03,subscribe
2199,2024-03-15,subscribe
2204,2024-02-11,subscribe
2205,2024-03-16,subscribe
2207,2024-06-04,subscribe
2214,2024-06-04,subscribe
2220,2024-06-19,subscribe
2225,2024-02-18,subscribe
2229,2024-01-23,subscribe
2250,2024-04-17,subscribe
2271,2024-02-08,subscribe
2272,2024-06-17,subscribe
2276,2024-03-19,subscribe
2291,2024-01-10,subscribe
2305,2024-06-06,subscribe
2311,2024-02-01,subscribe
2327,2024-06-16,subscribe
2334,2024-03-09,subscribe
2357,2024-06-25,subscribe
2362,2024-03-20,subscribe
2377,2024-02-02,subscribe
2388,2024-05-17,subscribe
2394,2024-05-28,subscribe
2428,2024-07-04,subscribe
2467,2024-06-02,subscribe
2471,2024-03-07,subscribe
2473,2024-06-26,subscribe
2474,2024-05-25,subscribe
2479,2024-06-13,subscribe
2487,2024-02-24,subscribe
2495,2024-02-12,subscribe
2518,2024-04-04,subscribe
2540,2024-06-20,subscribe
2543,2024-06-30,subscribe
2548,2024-01-08,subscribe
2553,2024-03-11,subscribe
2566,2024-05-15,subscribe
2568,2024-03-28,subscribe
2570,2024-06-28,subscribe
2587,2024-05-13,subscribe
2591,2024-01-25,subscribe
2593,2024-05-31,subscribe
2601,2024-07-03,subscribe
2602,2024-02-07,subscribe
2607,2024-06-07,subscribe
2610,2024-05-05,subscribe
2618,2024-05-14,subscribe
2619,2024-05-19,subscribe
2639,2024-02-22,subscribe
2665,2024-04-26,subscribe
2666,2024-03-10,subscribe
2669,2024-01-18,subscribe
2674,2024-03-11,subscribe
2709,2024-01-17,subscribe
2736,2024-04-26,subscribe
2738,2024-02-09,subscribe
2771,2024-03-10,subscribe
2775,2024-04-21,subscribe
2798,2024-01-08,subscribe
2799,2024-05-16,subscribe
2828,2024-05-25,subscribe
2831,2024-02-17,subscribe
2842,2024-03-20,subscribe
2861,2024-05-13,subscribe
2872,2024-06-19,subscribe
2888,2024-03-27,subscribe
2904,2024-05-24,subscribe
2913,2024-02-13,subscribe
2914,2024-03-02,subscribe
2924,2024-05-08,subscribe
2930,2024-03-30,subscribe
2932,2024-04-10,subscribe
2944,2024-02-21,subscribe
2951,2024-04-10,subscribe
2981,2024-02-07,subscribe
3002,2024-05-04,subscribe
3005,2024-03-10,subscribe
3017,2024-01-30,subscribe
3024,2024-06-20,subscribe
3033,2024-06-28,subscribe
3035,2024-05-27,subscribe
3037,2024-04-25,subscribe
3041,2024-02-06,subscribe
3068,2024-01-21,subscribe
3076,2024-05-09,subscribe
3079,2024-05-18,subscribe
3098,2024-06-12,subscribe
3100,2024-04-18,subscribe
3102,2024-02-17,subscribe
3115,2024-04-04,subscribe
3119,2024-06-05,subscribe
3127,2024-01-29,subscribe
3145,2024-03-11,subscribe
3150,2024-05-27,subscribe
3176,2024-02-23,subscribe
3177,2024-01-28,subscribe
3179,2024-07-02,subscribe
3188,2024-07-01,subscribe
3192,2024-06-29,subscribe
3196,2024-06-06,subscribe
3203,2024-02-12,subscribe
3205,2024-06-14,subscribe
3206,2024-07-07,subscribe
3219,2024-04-25,subscribe
3220,2024-01-08,subscribe
3223,2024-06-24,subscribe
3225,2024-06-13,subscribe
3239,2024-02-07,subscribe
3242,2024-02-29,subscribe
3246,2024-02-26,subscribe
3265,2024-02-21,subscribe
3311,2024-03-23,subscribe
3320,2024-02-15,subscribe
3368,2024-05-01,subscribe
3369,2024-03-14,subscribe
3385,2024-03-09,subscribe
3391,2024-06-28,subscribe
3397,2024-02-28,subscribe
3402,2024-06-11,subscribe
3409,2024-04-27,subscribe
3423,2024-03-18,subscribe
3463,2024-03-10,subscribe
3469,2024-03-30,subscribe
3473,2024-07-05,subscribe
3487,2024-03-19,subscribe
3505,2024-01-21,subscribe
3517,2024-01-12,subscribe
3522,2024-06-08,subscribe
3527,2024-02-23,subscribe
3545,2024-07-07,subscribe
3547,2024-04-09,subscribe
3559,2024-04-01,subscribe
3572,2024-04-30,subscribe
3576,2024-03-13,subscribe
3579,2024-02-22,subscribe
3581,2024-05-06,subscribe
3587,2024-03-04,subscribe
3591,2024-04-30,subscribe
3600,2024-02-12,subscribe
3614,2024-04-25,subscribe
3635,2024-01-26,subscribe
3649,2024-02-17,subscribe
3656,2024-02-24,subscribe
3673,2024-01-17,subscribe
3674,2024-03-04,subscribe
3706,2024-02-16,subscribe
3720,2024-05-03,subscribe
3726,2024-06-17,subscribe
3734,2024-06-27,subscribe
3744,2024-05-27,subscribe
3759,2024-04-01,subscribe
3761,2024-02-18,subscribe
3766,2024-04-17,subscribe
3774,2024-01-25,subscribe
3790,2024-01-19,subscribe
3794,2024-01-13,subscribe
3809,2024-05-28,subscribe
3810,2024-03-03,subscribe
3814,2024-03-25,subscribe
3817,2024-06-19,subscribe
3830,2024-01-30,subscribe
3831,2024-01-19,subscribe
3837,2024-05-13,subscribe
3850,2024-06-20,subscribe
3858,2024-02-27,subscribe
3870,2024-02-19,subscribe
3876,2024-04-11,subscribe
3885,2024-05-02,subscribe
3895,2024-01-24,subscribe
3896,2024-03-04,subscribe
3901,2024-05-29,subscribe
3910,2024-02-22,subscribe
3923,2024-04-23,subscribe
3924,2024-03-02,subscribe
3937,2024-03-30,subscribe
3942,2024-01-18,subscribe
3943,2024-04-11,subscribe
3949,2024-03-27,subscribe
3952,2024-04-15,subscribe
3955,2024-06-18,subscribe
3958,2024-04-17,subscribe
3961,2024-04-01,subscribe
3969,2024-04-14,subscribe
3975,2024-05-07,subscribe
3980,2024-01-21,subscribe
3998,2024-04-03,subscribe
4019,2024-04-04,subscribe
4021,2024-05-30,subscribe
4040,2024-04-10,subscribe
4045,2024-05-01,subscribe
4052,2024-03-08,subscribe
4061,2024-04-16,subscribe
4066,2024-04-20,subscribe
4070,2024-03-01,subscribe
4072,2024-05-29,subscribe
4074,2024-03-29,subscribe
4076,2024-05-01,subscribe
4081,2024-06-07,subscribe
4082,2024-02-21,subscribe
4086,2024-01-27,subscribe
4089,2024-06-02,subscribe
4092,2024-05-18,subscribe
4142,2024-06-17,subscribe
4144,2024-06-02,subscribe
4149,2024-04-16,subscribe
4158,2024-02-09,subscribe
4165,2024-02-09,subscribe
4169,2024-01-22,subscribe
4176,2024-04-23,subscribe
4194,2024-05-31,subscribe
4196,2024-06-28,subscribe
4201,2024-06-29,subscribe
4204,2024-03-23,subscribe
4214,2024-06-27,subscribe
4225,2024-03-24,subscribe
4241,2024-06-21,subscribe
4250,2024-05-03,subscribe
4272,2024-01-16,subscribe
4275,2024-03-26,subscribe
4282,2024-01-10,subscribe
4288,2024-05-11,subscribe
4290,2024-02-14,subscribe
4294,2024-01-26,subscribe
4296,2024-02-25,subscribe
4308,2024-02-07,subscribe
4327,2024-07-02,subscribe
4330,2024-05-21,subscribe
4340,2024-01-26,subscribe
4363,2024-02-29,subscribe
4368,2024-06-13,subscribe
4389,2024-03-12,subscribe
4398,2024-03-19,subscribe
4406,2024-05-28,subscribe
4422,2024-03-19,subscribe
4433,2024-06-23,subscribe
4436,2024-06-11,subscribe
4437,2024-04-26,subscribe
4438,2024-07-05,subscribe
4444,2024-06-26,subscribe
4445,2024-02-11,subscribe
4450,2024-03-04,subscribe
4467,2024-04-17,subscribe
4490,2024-06-19,subscribe
4491,2024-06-21,subscribe
4503,2024-05-20,subscribe
4531,2024-03-05,subscribe
4538,2024-03-02,subscribe
4555,2024-04-26,subscribe
4565,2024-01-16,subscribe
4569,2024-06-13,subscribe
4570,2024-03-01,subscribe
4582,2024-05-27,subscribe
4585,2024-05-25,subscribe
4586,2024-04-26,subscribe
4592,2024-05-16,subscribe
4593,2024-06-10,subscribe
4595,2024-05-09,subscribe
4598,2024-06-15,subscribe
4607,2024-05-28,subscribe
4645,2024-02-19,subscribe
4661,2024-06-07,subscribe
4678,2024-01-19,subscribe
4679,2024-05-22,subscribe
4684,2024-06-03,subscribe
4685,2024-06-28,subscribe
4693,2024-04-01,subscribe
4695,2024-03-07,subscribe
4710,2024-03-07,subscribe
4718,2024-04-13,subscribe
4735,2024-05-02,subscribe
4749,2024-06-18,subscribe
4761,2024-01-24,subscribe
4764,2024-01-24,subscribe
4771,2024-04-14,subscribe
4787,2024-03-03,subscribe
4795,2024-05-04,subscribe
4815,2024-03-10,subscribe
4819,2024-06-01,subscribe
4822,2024-03-26,subscribe
4853,2024-05-28,subscribe
4869,2024-06-15,subscribe
4870,2024-04-18,subscribe
4897,2024-06-09,subscribe
4900,2024-05-17,subscribe
4907,2024-05-22,subscribe
4912,2024-03-25,subscribe
4915,2024-05-23,subscribe
4919,2024-04-06,subscribe
4928,2024-06-03,subscribe
4945,2024-06-27,subscribe
4951,2024-03-10,subscribe
4956,2024-02-02,subscribe
4957,2024-03-25,subscribe
4977,2024-03-30,subscribe
4985,2024-04-17,subscribe
4987,2024-04-22,subscribe
4992,2024-01-16,subscribe
4994,2024-01-29,subscribe
5017,2024-05-13,subscribe
5018,2024-02-10,subscribe
5020,2024-02-12,subscribe
5025,2024-05-01,subscribe
5027,2024-04-07,subscribe
5029,2024-02-29,subscribe
5054,2024-02-28,subscribe
5057,2024-06-29,subscribe
5059,2024-06-12,subscribe
5066,2024-03-12,subscribe
5067,2024-03-06,subscribe
5068,2024-04-20,subscribe
5069,2024-01-21,subscribe
5071,2024-05-23,subscribe
5094,2024-03-23,subscribe
5099,2024-04-05,subscribe
5100,2024-03-12,subscribe
5102,2024-04-23,subscribe
5108,2024-04-12,subscribe
5121,2024-06-01,subscribe
5123,2024-06-17,subscribe
5128,2024-04-12,subscribe
5130,2024-05-17,subscribe
5139,2024-05-19,subscribe
5140,2024-06-18,subscribe
5149,2024-06-30,subscribe
5156,2024-06-01,subscribe
5159,2024-03-06,subscribe
5164,2024-03-15,subscribe
5170,2024-06-11,subscribe
5180,2024-04-01,subscribe
5198,2024-02-28,subscribe
5199,2024-02-29,subscribe
5203,2024-02-20,subscribe
5239,2024-06-02,subscribe
5258,2024-03-09,subscribe
5259,2024-01-18,subscribe
5282,2024-05-06,subscribe
5285,2024-02-05,subscribe
5288,2024-04-28,subscribe
5308,2024-03-31,subscribe
5335,2024-03-13,subscribe
5337,2024-04-27,subscribe
5362,2024-02-28,subscribe
5368,2024-03-31,subscribe
5372,2024-04-12,subscribe
5377,2024-04-09,subscribe
5382,2024-04-13,subscribe
5387,2024-06-02,subscribe
5396,2024-04-01,subscribe
5414,2024-03-13,subscribe
5422,2024-01-08,subscribe
5439,2024-03-22,subscribe
5447,2024-06-28,subscribe
5458,2024-04-13,subscribe
5475,2024-02-05,subscribe
5484,2024-03-17,subscribe
5489,2024-03-02,subscribe
5502,2024-05-22,subscribe
5526,2024-05-16,subscribe
5533,2024-06-05,subscribe
5534,2024-04-30,subscribe
5539,2024-03-29,subscribe
5551,2024-04-27,subscribe
5567,2024-02-22,subscribe
5574,2024-05-17,subscribe
5575,2024-05-18,subscribe
5577,2024-01-12,subscribe
5592,2024-03-18,subscribe
5642,2024-06-21,subscribe
5644,2024-03-02,subscribe
5650,2024-06-23,subscribe
5672,2024-02-18,subscribe
5673,2024-03-23,subscribe
5677,2024-01-16,subscribe
5697,2024-05-25,subscribe
5702,2024-06-15,subscribe
5704,2024-06-12,subscribe
5707,2024-02-10,subscribe
5731,2024-06-01,subscribe
5732,2024-04-17,subscribe
5745,2024-02-29,subscribe
5751,2024-03-01,subscribe
5755,2024-02-11,subscribe
5760,2024-04-18,subscribe
5777,2024-06-16,subscribe
5806,2024-06-11,subscribe
5839,2024-05-07,subscribe
5840,2024-05-25,subscribe
5841,2024-05-30,subscribe
5848,2024-03-11,subscribe
5860,2024-02-03,subscribe
5880,2024-06-09,subscribe
5923,2024-04-17,subscribe
5927,2024-06-01,subscribe
5929,2024-02-25,subscribe
5933,2024-02-19,subscribe
5967,2024-05-02,subscribe
5986,2024-05-13,subscribe
5996,2024-03-02,subscribe
6005,2024-04-21,subscribe
6024,2024-06-30,subscribe
6030,2024-03-17,subscribe
6034,2024-03-23,subscribe
6035,2024-06-18,subscribe
6044,2024-06-20,subscribe
6046,2024-06-02,subscribe
6047,2024-05-12,subscribe
6060,2024-01-28,subscribe
6061,2024-02-03,subscribe
6074,2024-02-12,subscribe
6094,2024-05-16,subscribe
6098,2024-03-29,subscribe
6108,2024-05-08,subscribe
6111,2024-06-20,subscribe
6134,2024-03-17,subscribe
6146,2024-03-07,subscribe
6149,2024-05-28,subscribe
6169,2024-04-02,subscribe
6170,2024-01-14,subscribe
6182,2024-05-20,subscribe
6187,2024-05-13,subscribe
6191,2024-05-27,subscribe
6195,2024-01-18,subscribe
6202,2024-04-12,subscribe
6207,2024-06-27,subscribe
6226,2024-01-28,subscribe
6228,2024-02-16,subscribe
6229,2024-03-22,subscribe
6243,2024-03-18,subscribe
6247,2024-01-30,subscribe
6251,2024-01-21,subscribe
6277,2024-06-04,subscribe
6291,2024-04-11,subscribe
6293,2024-05-07,subscribe
6298,2024-05-14,subscribe
6307,2024-03-14,subscribe
6314,2024-06-03,subscribe
6315,2024-04-25,subscribe
6319,2024-04-29,subscribe
6321,2024-04-06,subscribe
6330,2024-04-07,subscribe
6338,2024-06-22,subscribe
6343,2024-04-05,subscribe
6345,2024-04-01,subscribe
6346,2024-05-28,subscribe
6358,2024-06-04,subscribe
6364,2024-06-19,subscribe
6367,2024-02-15,subscribe
6371,2024-05-18,subscribe
6386,2024-02-06,subscribe
6387,2024-01-04,subscribe
6388,2024-06-09,subscribe
6392,2024-04-03,subscribe
6393,2024-05-27,subscribe
6403,2024-03-30,subscribe
6406,2024-02-09,subscribe
6414,2024-04-07,subscribe
6432,2024-05-24,subscribe
6439,2024-01-09,subscribe
6441,2024-03-21,subscribe
6444,2024-01-13,subscribe
6446,2024-01-24,subscribe
6450,2024-03-27,subscribe
6452,2024-04-16,subscribe
6454,2024-03-11,subscribe
6490,2024-04-21,subscribe
6493,2024-04-12,subscribe
6496,2024-05-05,subscribe
6502,2024-03-09,subscribe
6503,2024-05-30,subscribe
6511,2024-04-20,subscribe
6512,2024-04-20,subscribe
6516,2024-06-01,subscribe
6522,2024-02-17,subscribe
6537,2024-06-04,subscribe
6538,2024-03-31,subscribe
6554,2024-01-28,subscribe
6566,2024-05-11,subscribe
6575,2024-01-02,subscribe
6576,2024-06-30,subscribe
6591,2024-01-04,subscribe
6594,2024-04-14,subscribe
6606,2024-03-27,subscribe
6623,2024-04-29,subscribe
6625,2024-01-07,subscribe
6631,2024-04-12,subscribe
6634,2024-06-13,subscribe
6635,2024-02-17,subscribe
6644,2024-04-08,subscribe
6653,2024-05-20,subscribe
6668,2024-01-19,subscribe
6694,2024-02-05,subscribe
6708,2024-02-27,subscribe
6725,2024-04-26,subscribe
6740,2024-02-24,subscribe
6767,2024-04-26,subscribe
6768,2024-06-02,subscribe
6777,2024-05-31,subscribe
6783,2024-05-14,subscribe
6795,2024-06-26,subscribe
6801,2024-06-25,subscribe
6809,2024-03-20,subscribe
6821,2024-03-28,subscribe
6825,2024-02-03,subscribe
6827,2024-03-31,subscribe
6829,2024-03-05,subscribe
6844,2024-04-19,subscribe
6849,2024-02-25,subscribe
6853,2024-04-05,subscribe
6860,2024-03-27,subscribe
6865,2024-04-11,subscribe
6866,2024-06-26,subscribe
6868,2024-06-09,subscribe
6872,2024-02-14,subscribe
6885,2024-03-12,subscribe
6891,2024-03-22,subscribe
6892,2024-04-27,subscribe
6898,2024-01-26,subscribe
6922,2024-04-29,subscribe
6928,2024-04-18,subscribe
6937,2024-04-24,subscribe
6950,2024-04-21,subscribe
6954,2024-03-15,subscribe
6957,2024-06-12,subscribe
6965,2024-04-27,subscribe
6993,2024-04-14,subscribe
7006,2024-05-09,subscribe
7023,2024-03-19,subscribe
7025,2024-01-29,subscribe
7047,2024-02-28,subscribe
7063,2024-03-10,subscribe
7076,2024-05-11,subscribe
7091,2024-01-13,subscribe
7096,2024-01-29,subscribe
7107,2024-05-09,subscribe
7109,2024-06-25,subscribe
7112,2024-05-15,subscribe
7116,2024-01-25,subscribe
7123,2024-06-25,subscribe
7125,2024-05-07,subscribe
7128,2024-05-06,subscribe
7129,2024-01-13,subscribe
7139,2024-05-22,subscribe
7141,2024-01-26,subscribe
7143,2024-01-23,subscribe
7150,2024-02-29,subscribe
7156,2024-01-20,subscribe
7204,2024-02-07,subscribe
7205,2024-03-20,subscribe
7214,2024-03-05,subscribe
7231,2024-04-07,subscribe
7257,2024-02-02,subscribe
7259,2024-02-28,subscribe
7270,2024-01-05,subscribe
7274,2024-03-28,subscribe
7291,2024-05-24,subscribe
7292,2024-01-11,subscribe
7293,2024-03-19,subscribe
7295,2024-03-28,subscribe
7324,2024-06-18,subscribe
7327,2024-06-13,subscribe
7330,2024-04-10,subscribe
7333,2024-01-18,subscribe
7341,2024-04-14,subscribe
7344,2024-04-25,subscribe
7352,2024-03-17,subscribe
7365,2024-02-22,subscribe
7377,2024-01-11,subscribe
7385,2024-04-27,subscribe
7423,2024-06-24,subscribe
7424,2024-02-24,subscribe
7427,2024-04-16,subscribe
7441,2024-03-17,subscribe
7457,2024-05-30,subscribe
7491,2024-02-21,subscribe
7496,2024-03-13,subscribe
7498,2024-02-15,subscribe
7502,2024-05-29,subscribe
7509,2024-07-01,subscribe
7516,2024-03-08,subscribe
7520,2024-04-08,subscribe
7556,2024-01-25,subscribe
7565,2024-02-01,subscribe
7573,2024-03-21,subscribe
7576,2024-04-03,subscribe
7596,2024-04-16,subscribe
7608,2024-03-24,subscribe
7611,2024-07-06,subscribe
7617,2024-03-12,subscribe
7618,2024-04-18,subscribe
7622,2024-06-04,subscribe
7641,2024-02-12,subscribe
7672,2024-04-24,subscribe
7685,2024-07-09,subscribe
7691,2024-03-16,subscribe
7692,2024-06-28,subscribe
7695,2024-01-05,subscribe
7700,2024-03-29,subscribe
7709,2024-05-28,subscribe
7715,2024-05-19,subscribe
7728,2024-04-29,subscribe
7734,2024-06-10,subscribe
7736,2024-01-24,subscribe
7749,2024-04-18,subscribe
7758,2024-03-01,subscribe
7761,2024-05-03,subscribe
7767,2024-05-11,subscribe
7777,2024-05-26,subscribe
7779,2024-05-04,subscribe
7785,2024-03-16,subscribe
7818,2024-06-16,subscribe
7827,2024-06-26,subscribe
7834,2024-06-17,subscribe
7841,2024-03-06,subscribe
7844,2024-04-03,subscribe
7863,2024-04-09,subscribe
7865,2024-05-18,subscribe
7890,2024-05-09,subscribe
7893,2024-06-19,subscribe
7896,2024-05-18,subscribe
7902,2024-05-07,subscribe
7905,2024-01-07,subscribe
7910,2024-03-28,subscribe
7916,2024-05-23,subscribe
7919,2024-02-03,subscribe
7920,2024-03-24,subscribe
7922,2024-01-20,subscribe
7933,2024-05-06,subscribe
7936,2024-03-18,subscribe
7947,2024-03-05,subscribe
7956,2024-04-12,subscribe
7971,2024-06-01,subscribe
7987,2024-03-01,subscribe
8002,2024-04-30,subscribe
8005,2024-04-01,subscribe
8021,2024-01-07,subscribe
8040,2024-01-31,subscribe
8044,2024-01-27,subscribe
8061,2024-02-17,subscribe
8063,2024-01-15,subscribe
8064,2024-02-28,subscribe
8070,2024-01-08,subscribe
8087,2024-03-27,subscribe
8112,2024-02-20,subscribe
8125,2024-04-23,subscribe
8128,2024-05-26,subscribe
8144,2024-01-21,subscribe
8150,2024-03-21,subscribe
8152,2024-03-25,subscribe
8153,2024-03-20,subscribe
8166,2024-06-12,subscribe
8177,2024-06-22,subscribe
8183,2024-04-21,subscribe
8195,2024-03-01,subscribe
8200,2024-05-23,subscribe
8206,2024-02-13,subscribe
8210,2024-02-01,subscribe
8223,2024-07-07,subscribe
8227,2024-03-03,subscribe
8228,2024-05-20,subscribe
8229,2024-05-16,subscribe
8238,2024-05-01,subscribe
8256,2024-03-09,subscribe
8260,2024-02-18,subscribe
8286,2024-01-23,subscribe
8288,2024-03-19,subscribe
8295,2024-03-28,subscribe
8315,2024-07-07,subscribe
8324,2024-04-10,subscribe
8335,2024-05-19,subscribe
8338,2024-02-27,subscribe
8343,2024-06-07,subscribe
8347,2024-01-18,subscribe
8371,2024-01-14,subscribe
8375,2024-05-15,subscribe
8386,2024-05-29,subscribe
8387,2024-05-12,subscribe
8392,2024-03-14,subscribe
8400,2024-06-30,subscribe
8418,2024-03-17,subscribe
8420,2024-06-10,subscribe
8431,2024-03-20,subscribe
8433,2024-05-31,subscribe
8448,2024-05-10,subscribe
8454,2024-06-10,subscribe
8457,2024-03-28,subscribe
8459,2024-03-14,subscribe
8470,2024-01-24,subscribe
8473,2024-05-13,subscribe
8479,2024-01-27,subscribe
8493,2024-06-21,subscribe
8503,2024-02-26,subscribe
8505,2024-02-29,subscribe
8508,2024-03-27,subscribe
8512,2024-04-17,subscribe
8519,2024-04-22,subscribe
8524,2024-03-25,subscribe
8535,2024-03-30,subscribe
8548,2024-03-08,subscribe
8559,2024-05-29,subscribe
8565,2024-06-07,subscribe
8597,2024-02-10,subscribe
8601,2024-01-30,subscribe
8608,2024-03-13,subscribe
8611,2024-03-08,subscribe
8619,2024-06-26,subscribe
8623,2024-02-20,subscribe
8631,2024-06-25,subscribe
8633,2024-05-01,subscribe
8651,2024-04-06,subscribe
8653,2024-01-23,subscribe
8670,2024-05-20,subscribe
8675,2024-06-27,subscribe
8698,2024-02-10,subscribe
8706,2024-06-05,subscribe
8716,2024-04-29,subscribe
8730,2024-03-07,subscribe
8731,2024-01-13,subscribe
8741,2024-06-12,subscribe
8745,2024-01-11,subscribe
8751,2024-04-14,subscribe
8752,2024-02-09,subscribe
8774,2024-05-16,subscribe
8784,2024-03-13,subscribe
8793,2024-04-08,subscribe
8794,2024-06-24,subscribe
8796,2024-02-24,subscribe
8812,2024-01-20,subscribe
8822,2024-02-17,subscribe
8823,2024-02-24,subscribe
8824,2024-06-26,subscribe
8826,2024-05-02,subscribe
8837,2024-03-18,subscribe
8838,2024-03-19,subscribe
8880,2024-05-03,subscribe
8881,2024-03-29,subscribe
8886,2024-03-11,subscribe
8890,2024-02-01,subscribe
8893,2024-01-21,subscribe
8905,2024-04-10,subscribe
8910,2024-06-26,subscribe
8913,2024-04-29,subscribe
8917,2024-05-30,subscribe
8919,2024-01-23,subscribe
8923,2024-05-30,subscribe
8934,2024-06-03,subscribe
8939,2024-06-19,subscribe
8946,2024-05-10,subscribe
8947,2024-05-18,subscribe
8963,2024-04-21,subscribe
8965,2024-01-13,subscribe
8969,2024-03-15,subscribe
8977,2024-06-23,subscribe
9002,2024-04-20,subscribe
9007,2024-02-22,subscribe
9009,2024-05-07,subscribe
9013,2024-06-16,subscribe
9023,2024-03-02,subscribe
9043,2024-05-11,subscribe
9054,2024-05-27,subscribe
9061,2024-04-06,subscribe
9069,2024-06-20,subscribe
9071,2024-06-01,subscribe
9079,2024-05-29,subscribe
9084,2024-06-01,subscribe
9090,2024-01-25,subscribe
9091,2024-01-21,subscribe
9098,2024-07-04,subscribe
9099,2024-06-22,subscribe
9100,2024-03-19,subscribe
9108,2024-02-14,subscribe
9110,2024-05-03,subscribe
9114,2024-03-05,subscribe
9124,2024-06-07,subscribe
9145,2024-05-28,subscribe
9158,2024-07-03,subscribe
9164,2024-05-30,subscribe
9173,2024-04-29,subscribe
9178,2024-05-07,subscribe
9186,2024-01-16,subscribe
9198,2024-06-09,subscribe
9200,2024-05-27,subscribe
9201,2024-02-02,subscribe
9228,2024-03-23,subscribe
9235,2024-03-15,subscribe
9237,2024-03-02,subscribe
9254,2024-02-08,subscribe
9265,2024-04-04,subscribe
9276,2024-01-18,subscribe
9277,2024-03-02,subscribe
9300,2024-02-09,subscribe
9303,2024-06-09,subscribe
9313,2024-02-21,subscribe
9317,2024-06-26,subscribe
9319,2024-02-16,subscribe
9345,2024-04-03,subscribe
9363,2024-05-29,subscribe
9371,2024-01-23,subscribe
9383,2024-04-11,subscribe
9395,2024-04-02,subscribe
9414,2024-06-05,subscribe
9416,2024-03-14,subscribe
9422,2024-05-17,subscribe
9427,2024-01-25,subscribe
9431,2024-02-26,subscribe
9476,2024-04-30,subscribe
9481,2024-02-25,subscribe
9507,2024-06-19,subscribe
9508,2024-03-07,subscribe
9517,2024-03-30,subscribe
9533,2024-01-26,subscribe
9564,2024-02-18,subscribe
9568,2024-02-24,subscribe
9569,2024-04-17,subscribe
9579,2024-02-09,subscribe
9583,2024-05-13,subscribe
9593,2024-02-07,subscribe
9594,2024-04-10,subscribe
9621,2024-04-02,subscribe
9622,2024-01-12,subscribe
9630,2024-02-28,subscribe
9659,2024-07-02,subscribe
9661,2024-03-26,subscribe
9667,2024-05-05,subscribe
9711,2024-06-24,subscribe
9723,2024-03-31,subscribe
9745,2024-05-25,subscribe
9748,2024-06-22,subscribe
9765,2024-01-10,subscribe
9779,2024-07-03,subscribe
9781,2024-01-16,subscribe
9782,2024-06-12,subscribe
9805,2024-03-22,subscribe
9822,2024-05-24,subscribe
9846,2024-02-07,subscribe
9848,2024-01-17,subscribe
9862,2024-03-05,subscribe
9865,2024-03-25,subscribe
9870,2024-03-24,subscribe
9871,2024-01-30,subscribe
9879,2024-03-02,subscribe
9884,2024-04-30,subscribe
9895,2024-03-15,subscribe
9897,2024-02-21,subscribe
9904,2024-03-23,subscribe
9928,2024-01-22,subscribe
9940,2024-06-24,subscribe
9941,2024-03-06,subscribe
9946,2024-06-11,subscribe
9972,2024-04-06,subscribe
9999,2024-06-09,subscribe
10004,2024-06-21,subscribe
10005,2024-05-18,subscribe
10007,2024-03-17,subscribe
10011,2024-03-21,subscribe
10020,2024-04-29,subscribe
10028,2024-06-03,subscribe
10030,2024-04-09,subscribe
10038,2024-05-10,subscribe
10074,2024-03-09,subscribe
10082,2024-06-28,subscribe
10098,2024-06-02,subscribe
10105,2024-03-16,subscribe
10109,2024-02-10,subscribe
10113,2024-06-30,subscribe
10115,2024-05-10,subscribe
10123,2024-02-06,subscribe
10124,2024-07-10,subscribe
10138,2024-06-20,subscribe
10139,2024-02-03,subscribe
10210,2024-02-11,subscribe
10211,2024-01-14,subscribe
10225,2024-05-04,subscribe
10231,2024-03-21,subscribe
10253,2024-04-22,subscribe
10258,2024-04-03,subscribe
10276,2024-05-26,subscribe
10277,2024-01-17,subscribe
10291,2024-03-20,subscribe
10293,2024-02-06,subscribe
10297,2024-03-28,subscribe
10298,2024-06-09,subscribe
10308,2024-03-01,subscribe
10317,2024-03-19,subscribe
10323,2024-03-18,subscribe
10326,2024-01-28,subscribe
10333,2024-06-08,subscribe
10335,2024-01-06,subscribe
10341,2024-01-25,subscribe
10373,2024-03-02,subscribe
10384,2024-02-24,subscribe
10397,2024-03-24,subscribe
10399,2024-04-26,subscribe
10402,2024-02-14,subscribe
10409,2024-02-11,subscribe
10417,2024-03-23,subscribe
10435,2024-06-01,subscribe
10453,2024-03-30,subscribe
10498,2024-01-27,subscribe
10510,2024-03-20,subscribe
10529,2024-02-16,subscribe
10535,2024-04-01,subscribe
10544,2024-01-31,subscribe
10548,2024-05-13,subscribe
10562,2024-05-25,subscribe
10564,2024-06-01,subscribe
10578,2024-02-12,subscribe
10579,2024-04-28,subscribe
10581,2024-04-11,subscribe
10587,2024-05-11,subscribe
10590,2024-06-16,subscribe
10593,2024-04-09,subscribe
10594,2024-04-23,subscribe
10597,2024-05-11,subscribe
10604,2024-06-05,subscribe
10616,2024-05-04,subscribe
10629,2024-06-23,subscribe
10634,2024-02-13,subscribe
10660,2024-03-28,subscribe
10661,2024-06-19,subscribe
10665,2024-01-13,subscribe
10666,2024-02-05,subscribe
10667,2024-01-05,subscribe
10700,2024-02-05,subscribe
10709,2024-03-24,subscribe
10710,2024-03-13,subscribe
10721,2024-02-01,subscribe
10723,2024-01-21,subscribe
10732,2024-02-03,subscribe
10734,2024-01-10,subscribe
10736,2024-01-16,subscribe
10742,2024-03-27,subscribe
10744,2024-05-20,subscribe
10749,2024-07-05,subscribe
10756,2024-01-18,subscribe
10766,2024-02-08,subscribe
10770,2024-02-10,subscribe
10771,2024-05-29,subscribe
10777,2024-01-16,subscribe
10782,2024-01-14,subscribe
10786,2024-05-26,subscribe
10788,2024-02-11,subscribe
10795,2024-02-16,subscribe
10802,2024-06-10,subscribe
10845,2024-03-21,subscribe
10872,2024-02-17,subscribe
10873,2024-06-12,subscribe
10874,2024-03-26,subscribe
10890,2024-03-21,subscribe
10897,2024-02-26,subscribe
10906,2024-03-19,subscribe
10921,2024-06-09,subscribe
10942,2024-05-30,subscribe
10968,2024-04-10,subscribe
10972,2024-05-02,subscribe
10990,2024-01-25,subscribe
10991,2024-03-08,subscribe
10999,2024-06-21,subscribe
11005,2024-01-31,subscribe
11010,2024-01-14,subscribe
11012,2024-05-31,subscribe
11015,2024-05-29,subscribe
11019,2024-05-31,subscribe
11033,2024-03-28,subscribe
11040,2024-04-13,subscribe
11060,2024-01-22,subscribe
11061,2024-05-31,subscribe
11063,2024-03-21,subscribe
11070,2024-03-14,subscribe
11082,2024-01-05,subscribe
11099,2024-05-30,subscribe
11104,2024-06-23,subscribe
11109,2024-02-12,subscribe
11112,2024-03-30,subscribe
11120,2024-02-08,subscribe
11132,2024-02-16,subscribe
11150,2024-04-17,subscribe
11151,2024-06-02,subscribe
11155,2024-03-15,subscribe
11165,2024-04-20,subscribe
11171,2024-04-13,subscribe
11173,2024-03-29,subscribe
11180,2024-03-21,subscribe
11182,2024-04-02,subscribe
11195,2024-06-23,subscribe
11238,2024-06-16,subscribe
11239,2024-06-01,subscribe
11248,2024-03-15,subscribe
11257,2024-02-27,subscribe
11259,2024-02-08,subscribe
11261,2024-06-10,subscribe
11270,2024-02-28,subscribe
11275,2024-03-23,subscribe
11279,2024-01-18,subscribe
11305,2024-01-21,subscribe
11310,2024-01-23,subscribe
11311,2024-01-04,subscribe
11320,2024-05-11,subscribe
11339,2024-03-13,subscribe
11348,2024-01-13,subscribe
11371,2024-04-13,subscribe
11392,2024-04-01,subscribe
11412,2024-01-17,subscribe
11431,2024-03-29,subscribe
11432,2024-01-16,subscribe
11441,2024-03-24,subscribe
11452,2024-07-01,subscribe
11457,2024-02-01,subscribe
11473,2024-03-16,subscribe
11476,2024-06-28,subscribe
11479,2024-03-05,subscribe
11488,2024-05-20,subscribe
11490,2024-01-13,subscribe
11510,2024-05-23,subscribe
11531,2024-04-02,subscribe
11550,2024-05-18,subscribe
11552,2024-01-21,subscribe
11554,2024-03-27,subscribe
11561,2024-03-04,subscribe
11598,2024-03-31,subscribe
11605,2024-04-24,subscribe
11614,2024-04-23,subscribe
11620,2024-04-05,subscribe
11627,2024-04-08,subscribe
11639,2024-03-09,subscribe
11646,2024-02-14,subscribe
11658,2024-06-24,subscribe
11662,2024-03-02,subscribe
11676,2024-06-23,subscribe
11692,2024-05-26,subscribe
11694,2024-06-17,subscribe
11700,2024-05-26,subscribe
11712,2024-04-05,subscribe
11713,2024-04-01,subscribe
11716,2024-05-24,subscribe
11723,2024-02-15,subscribe
11747,2024-03-16,subscribe
11748,2024-05-13,subscribe
11751,2024-03-08,subscribe
11755,2024-04-13,subscribe
11756,2024-02-25,subscribe
11763,2024-04-14,subscribe
11775,2024-05-01,subscribe
11778,2024-01-17,subscribe
11802,2024-06-29,subscribe
11803,2024-05-04,subscribe
11804,2024-03-19,subscribe
11812,2024-06-06,subscribe
11816,2024-05-24,subscribe
11823,2024-06-20,subscribe
11827,2024-06-03,subscribe
11831,2024-02-26,subscribe
11835,2024-04-13,subscribe
11836,2024-02-22,subscribe
11844,2024-02-17,subscribe
11866,2024-04-30,subscribe
11870,2024-06-07,subscribe
11877,2024-01-21,subscribe
11883,2024-01-22,subscribe
11894,2024-06-29,subscribe
11897,2024-04-14,subscribe
11923,2024-06-30,subscribe
11930,2024-05-21,subscribe
11945,2024-02-13,subscribe
11958,2024-01-22,subscribe
11967,2024-03-23,subscribe
11969,2024-01-31,subscribe
11973,2024-04-10,subscribe
11976,2024-03-15,subscribe
11980,2024-05-05,subscribe
11983,2024-05-14,subscribe
12002,2024-06-10,subscribe
12011,2024-06-29,subscribe
12020,2024-05-29,subscribe
12036,2024-05-28,subscribe
12044,2024-04-06,subscribe
12045,2024-03-08,subscribe
12053,2024-06-01,subscribe
12071,2024-01-30,subscribe
12084,2024-05-10,subscribe
12100,2024-04-18,subscribe
12107,2024-03-24,subscribe
12120,2024-01-11,subscribe
12143,2024-03-08,subscribe
12144,2024-06-01,subscribe
12147,2024-04-16,subscribe
12154,2024-05-21,subscribe
12161,2024-01-29,subscribe
12165,2024-05-15,subscribe
12169,2024-05-01,subscribe
12174,2024-04-10,subscribe
12182,2024-06-24,subscribe
12183,2024-05-09,subscribe
12201,2024-02-25,subscribe
12203,2024-03-11,subscribe
12214,2024-05-22,subscribe
12215,2024-05-04,subscribe
12226,2024-02-04,subscribe
12234,2024-07-02,subscribe
12247,2024-06-01,subscribe
12265,2024-04-07,subscribe
12266,2024-02-22,subscribe
12275,2024-03-31,subscribe
12283,2024-06-16,subscribe
12287,2024-04-20,subscribe
12313,2024-07-07,subscribe
12338,2024-05-07,subscribe
12360,2024-06-15,subscribe
12361,2024-04-07,subscribe
12366,2024-05-31,subscribe
12368,2024-01-02,subscribe
12371,2024-03-31,subscribe
12376,2024-03-12,subscribe
12379,2024-01-13,subscribe
12380,2024-01-08,subscribe
12401,2024-04-17,subscribe
12408,2024-06-20,subscribe
12413,2024-05-12,subscribe
12415,2024-01-02,subscribe
12416,2024-03-02,subscribe
12425,2024-04-10,subscribe
12426,2024-01-26,subscribe
12449,2024-02-01,subscribe
12458,2024-02-24,subscribe
12481,2024-05-11,subscribe
12501,2024-07-02,subscribe
12504,2024-05-05,subscribe
12514,2024-04-02,subscribe
12520,2024-06-12,subscribe
12523,2024-06-13,subscribe
12539,2024-04-05,subscribe
12569,2024-04-05,subscribe
12595,2024-06-27,subscribe
12599,2024-02-12,subscribe
12603,2024-07-02,subscribe
12605,2024-05-28,subscribe
12611,2024-05-23,subscribe
12612,2024-04-10,subscribe
12628,2024-04-05,subscribe
12664,2024-07-02,subscribe
12665,2024-03-12,subscribe
12696,2024-07-07,subscribe
12748,2024-04-24,subscribe
12760,2024-06-10,subscribe
12766,2024-01-21,subscribe
12768,2024-01-23,subscribe
12783,2024-02-24,subscribe
12797,2024-05-23,subscribe
12807,2024-02-04,subscribe
12823,2024-04-14,subscribe
12837,2024-05-15,subscribe
12848,2024-06-03,subscribe
12851,2024-05-07,subscribe
12864,2024-03-10,subscribe
12866,2024-03-14,subscribe
12892,2024-06-21,subscribe
12902,2024-06-05,subscribe
12925,2024-04-20,subscribe
12935,2024-03-13,subscribe
12946,2024-05-29,subscribe
12948,2024-02-16,subscribe
12971,2024-05-16,subscribe
12972,2024-05-22,subscribe
12976,2024-06-20,subscribe
12978,2024-05-05,subscribe
12979,2024-06-10,subscribe
12993,2024-07-01,subscribe
13009,2024-02-12,subscribe
13013,2024-04-27,subscribe
13021,2024-01-23,subscribe
13025,2024-04-12,subscribe
13036,2024-04-19,subscribe
13050,2024-01-07,subscribe
13053,2024-06-03,subscribe
13064,2024-02-02,subscribe
13070,2024-06-07,subscribe
13073,2024-06-20,subscribe
13080,2024-03-03,subscribe
13102,2024-06-28,subscribe
13109,2024-03-17,subscribe
13110,2024-03-17,subscribe
13115,2024-04-20,subscribe
13127,2024-04-16,subscribe
13139,2024-06-01,subscribe
13150,2024-06-17,subscribe
13151,2024-06-16,subscribe
13155,2024-04-18,subscribe
13163,2024-01-15,subscribe
13171,2024-01-03,subscribe
13178,2024-01-17,subscribe
13185,2024-01-21,subscribe
13205,2024-05-11,subscribe
13210,2024-05-12,subscribe
13215,2024-02-26,subscribe
13228,2024-05-08,subscribe
13256,2024-07-03,subscribe
13275,2024-06-27,subscribe
13288,2024-06-04,subscribe
13293,2024-06-26,subscribe
13316,2024-02-11,subscribe
13318,2024-01-15,subscribe
13319,2024-01-11,subscribe
13320,2024-01-04,subscribe
13369,2024-06-29,subscribe
13377,2024-05-12,subscribe
13386,2024-06-06,subscribe
13398,2024-01-25,subscribe
13407,2024-03-09,subscribe
13408,2024-01-15,subscribe
13409,2024-03-31,subscribe
13420,2024-01-28,subscribe
13424,2024-01-26,subscribe
13442,2024-04-27,subscribe
13444,2024-05-29,subscribe
13470,2024-03-26,subscribe
13477,2024-02-07,subscribe
13491,2024-03-13,subscribe
13508,2024-03-07,subscribe
13511,2024-04-19,subscribe
13523,2024-06-10,subscribe
13548,2024-03-10,subscribe
13558,2024-06-08,subscribe
13560,2024-04-28,subscribe
13576,2024-04-27,subscribe
13584,2024-02-12,subscribe
13606,2024-03-06,subscribe
13609,2024-02-07,subscribe
13622,2024-06-19,subscribe
13641,2024-06-21,subscribe
13651,2024-06-07,subscribe
13658,2024-02-10,subscribe
13670,2024-07-06,subscribe
13692,2024-05-22,subscribe
13699,2024-02-20,subscribe
13706,2024-01-21,subscribe
13715,2024-02-09,subscribe
13722,2024-01-16,subscribe
13730,2024-05-25,subscribe
13739,2024-02-24,subscribe
13744,2024-01-29,subscribe
13757,2024-03-19,subscribe
13760,2024-05-24,subscribe
13766,2024-01-15,subscribe
13801,2024-05-11,subscribe
13802,2024-05-12,subscribe
13813,2024-05-28,subscribe
13831,2024-05-12,subscribe
13843,2024-05-29,subscribe
13851,2024-04-19,subscribe
13854,2024-02-09,subscribe
13872,2024-06-19,subscribe
13880,2024-05-27,subscribe
13886,2024-02-03,subscribe
13889,2024-06-24,subscribe
13899,2024-03-20,subscribe
13901,2024-01-20,subscribe
13910,2024-03-09,subscribe
13919,2024-01-20,subscribe
13921,2024-05-29,subscribe
13934,2024-03-09,subscribe
13937,2024-04-20,subscribe
13943,2024-03-15,subscribe
13949,2024-05-27,subscribe
13951,2024-05-08,subscribe
13952,2024-04-29,subscribe
13955,2024-06-17,subscribe
13958,2024-04-21,subscribe
13960,2024-05-30,subscribe
13962,2024-01-20,subscribe
13966,2024-04-25,subscribe
13969,2024-03-02,subscribe
13983,2024-02-18,subscribe
13985,2024-03-25,subscribe
14016,2024-03-03,subscribe
14025,2024-06-23,subscribe
14030,2024-01-23,subscribe
14057,2024-02-21,subscribe
14075,2024-05-13,subscribe
14076,2024-04-27,subscribe
14081,2024-02-08,subscribe
14083,2024-04-25,subscribe
14099,2024-06-16,subscribe
14103,2024-05-01,subscribe
14133,2024-07-01,subscribe
14157,2024-06-06,subscribe
14158,2024-05-08,subscribe
14159,2024-04-02,subscribe
14163,2024-03-29,subscribe
14175,2024-02-06,subscribe
14181,2024-04-30,subscribe
14185,2024-05-22,subscribe
14189,2024-02-06,subscribe
14221,2024-01-15,subscribe
14229,2024-06-02,subscribe
14230,2024-06-18,subscribe
14240,2024-05-28,subscribe
14252,2024-06-22,subscribe
14263,2024-05-23,subscribe
14268,2024-03-13,subscribe
14279,2024-02-13,subscribe
14303,2024-04-27,subscribe
14308,2024-02-21,subscribe
14317,2024-03-11,subscribe
14321,2024-01-26,subscribe
14325,2024-04-09,subscribe
14332,2024-03-06,subscribe
14341,2024-06-13,subscribe
14342,2024-04-09,subscribe
14352,2024-04-07,subscribe
14368,2024-02-24,subscribe
14370,2024-02-01,subscribe
14403,2024-04-26,subscribe
14411,2024-02-10,subscribe
14417,2024-06-03,subscribe
14418,2024-04-26,subscribe
14420,2024-01-17,subscribe
14430,2024-07-02,subscribe
14450,2024-03-27,subscribe
14453,2024-02-09,subscribe
14469,2024-01-10,subscribe
14475,2024-07-07,subscribe
14476,2024-02-09,subscribe
14534,2024-02-15,subscribe
14539,2024-02-06,subscribe
14552,2024-06-13,subscribe
14558,2024-03-02,subscribe
14568,2024-02-09,subscribe
14580,2024-03-27,subscribe
14583,2024-02-22,subscribe
14585,2024-04-11,subscribe
14588,2024-05-20,subscribe
14597,2024-04-27,subscribe
14605,2024-04-01,subscribe
14618,2024-05-31,subscribe
14619,2024-06-11,subscribe
14631,2024-03-26,subscribe
14648,2024-03-13,subscribe
14654,2024-03-07,subscribe
14658,2024-02-05,subscribe
14661,2024-04-14,subscribe
14667,2024-01-20,subscribe
14674,2024-03-25,subscribe
14676,2024-05-29,subscribe
14686,2024-06-24,subscribe
14687,2024-05-10,subscribe
14689,2024-04-20,subscribe
14698,2024-04-28,subscribe
14715,2024-05-07,subscribe
14719,2024-03-17,subscribe
14722,2024-01-26,subscribe
14723,2024-06-12,subscribe
14730,2024-05-06,subscribe
14737,2024-02-02,subscribe
14741,2024-02-18,subscribe
14755,2024-03-05,subscribe
14765,2024-03-22,subscribe
14770,2024-06-03,subscribe
14791,2024-06-25,subscribe
14796,2024-03-31,subscribe
14797,2024-07-04,subscribe
14803,2024-03-18,subscribe
14809,2024-06-16,subscribe
14810,2024-05-22,subscribe
14816,2024-03-07,subscribe
14820,2024-04-11,subscribe
14823,2024-02-06,subscribe
14824,2024-02-28,subscribe
14852,2024-01-30,subscribe
14861,2024-06-29,subscribe
14875,2024-03-14,subscribe
14885,2024-03-14,subscribe
14890,2024-02-03,subscribe
14907,2024-03-10,subscribe
14932,2024-04-23,subscribe
14942,2024-02-03,subscribe
14944,2024-04-09,subscribe
14948,2024-04-12,subscribe
14985,2024-02-13,subscribe
14998,2024-02-29,subscribe
15013,2024-02-26,subscribe
15036,2024-06-24,subscribe
15047,2024-06-27,subscribe
15049,2024-04-23,subscribe
15055,2024-06-10,subscribe
15065,2024-05-09,subscribe
15075,2024-03-06,subscribe
15080,2024-03-19,subscribe
15082,2024-04-16,subscribe
15084,2024-07-03,subscribe
15094,2024-04-26,subscribe
15095,2024-02-09,subscribe
15099,2024-01-15,subscribe
15109,2024-04-14,subscribe
15120,2024-03-28,subscribe
15121,2024-04-30,subscribe
15138,2024-01-15,subscribe
15143,2024-02-09,subscribe
15150,2024-03-03,subscribe
15183,2024-05-29,subscribe
15189,2024-05-05,subscribe
15192,2024-01-24,subscribe
15197,2024-01-27,subscribe
15204,2024-01-11,subscribe
15216,2024-02-05,subscribe
15223,2024-07-04,subscribe
15228,2024-07-03,subscribe
15229,2024-06-07,subscribe
15251,2024-02-20,subscribe
15252,2024-06-23,subscribe
15257,2024-06-14,subscribe
15278,2024-05-06,subscribe
15281,2024-03-02,subscribe
15293,2024-01-18,subscribe
15295,2024-03-23,subscribe
15297,2024-03-15,subscribe
15300,2024-05-24,subscribe
15308,2024-01-31,subscribe
15309,2024-04-28,subscribe
15340,2024-05-15,subscribe
15342,2024-07-07,subscribe
15348,2024-05-07,subscribe
15380,2024-03-03,subscribe
15382,2024-02-20,subscribe
15383,2024-02-29,subscribe
15389,2024-04-07,subscribe
15390,2024-05-15,subscribe
15428,2024-01-10,subscribe
15433,2024-04-14,subscribe
15438,2024-01-24,subscribe
15467,2024-06-21,subscribe
15469,2024-05-11,subscribe
15473,2024-01-10,subscribe
15491,2024-06-15,subscribe
15493,2024-05-31,subscribe
15505,2024-04-24,subscribe
15506,2024-06-20,subscribe
15520,2024-02-02,subscribe
15529,2024-03-25,subscribe
15544,2024-03-23,subscribe
15546,2024-05-07,subscribe
15556,2024-06-25,subscribe
15558,2024-02-15,subscribe
15581,2024-05-04,subscribe
15598,2024-03-16,subscribe
15610,2024-06-23,subscribe
15620,2024-02-29,subscribe
15634,2024-01-20,subscribe
15646,2024-06-20,subscribe
15660,2024-03-06,subscribe
15680,2024-01-19,subscribe
15682,2024-05-08,subscribe
15687,2024-04-23,subscribe
15703,2024-01-12,subscribe
15708,2024-06-18,subscribe
15742,2024-03-22,subscribe
15748,2024-02-26,subscribe
15757,2024-04-12,subscribe
15760,2024-01-20,subscribe
15761,2024-04-04,subscribe
15777,2024-04-18,subscribe
15783,2024-02-21,subscribe
15788,2024-06-18,subscribe
15809,2024-02-15,subscribe
15819,2024-01-17,subscribe
15829,2024-04-22,subscribe
15830,2024-02-23,subscribe
15833,2024-05-18,subscribe
15836,2024-01-07,subscribe
15848,2024-06-26,subscribe
15864,2024-04-28,subscribe
15867,2024-05-29,subscribe
15874,2024-05-09,subscribe
15884,2024-06-06,subscribe
15894,2024-05-08,subscribe
15895,2024-01-18,subscribe
15896,2024-04-03,subscribe
15897,2024-05-19,subscribe
15901,2024-05-22,subscribe
15906,2024-05-09,subscribe
15912,2024-03-14,subscribe
15927,2024-03-31,subscribe
15935,2024-07-01,subscribe
15936,2024-02-08,subscribe
15950,2024-05-01,subscribe
15953,2024-01-27,subscribe
15968,2024-02-23,subscribe
15974,2024-03-16,subscribe
15979,2024-03-01,subscribe
15983,2024-03-19,subscribe
15991,2024-02-22,subscribe
15999,2024-01-21,subscribe
16008,2024-03-04,subscribe
16019,2024-04-24,subscribe
16025,2024-03-19,subscribe
16041,2024-02-29,subscribe
16043,2024-04-14,subscribe
16044,2024-06-04,subscribe
16050,2024-01-18,subscribe
16052,2024-03-23,subscribe
16058,2024-01-16,subscribe
16064,2024-01-09,subscribe
16065,2024-03-30,subscribe
16084,2024-02-01,subscribe
16094,2024-05-24,subscribe
16095,2024-02-21,subscribe
16100,2024-04-02,subscribe
16102,2024-01-14,subscribe
16115,2024-06-08,subscribe
16158,2024-04-01,subscribe
16168,2024-04-29,subscribe
16169,2024-06-19,subscribe
16194,2024-05-14,subscribe
16198,2024-03-22,subscribe
16200,2024-02-11,subscribe
16204,2024-02-20,subscribe
16208,2024-03-18,subscribe
16218,2024-02-02,subscribe
16227,2024-03-21,subscribe
16234,2024-02-15,subscribe
16239,2024-04-19,subscribe
16254,2024-02-29,subscribe
16270,2024-03-05,subscribe
16283,2024-06-22,subscribe
16287,2024-06-26,subscribe
16292,2024-03-13,subscribe
16297,2024-05-04,subscribe
16308,2024-07-02,subscribe
16311,2024-03-17,subscribe
16334,2024-04-27,subscribe
16336,2024-05-09,subscribe
16349,2024-04-05,subscribe
16355,2024-06-02,subscribe
16358,2024-04-30,subscribe
16374,2024-02-12,subscribe
16376,2024-06-28,subscribe
16377,2024-02-26,subscribe
16393,2024-02-11,subscribe
16399,2024-04-27,subscribe
16406,2024-01-06,subscribe
16408,2024-06-03,subscribe
16410,2024-02-09,subscribe
16418,2024-06-12,subscribe
16420,2024-01-24,subscribe
16428,2024-04-16,subscribe
16442,2024-02-20,subscribe
16444,2024-01-30,subscribe
16450,2024-05-22,subscribe
16463,2024-02-16,subscribe
16472,2024-04-16,subscribe
16486,2024-02-10,subscribe
16492,2024-03-06,subscribe
16507,2024-05-17,subscribe
16528,2024-05-08,subscribe
16531,2024-05-27,subscribe
16537,2024-02-15,subscribe
16538,2024-03-21,subscribe
16545,2024-02-11,subscribe
16550,2024-04-06,subscribe
16552,2024-06-22,subscribe
16554,2024-06-01,subscribe
16570,2024-01-16,subscribe
16576,2024-03-05,subscribe
16595,2024-01-05,subscribe
16607,2024-01-11,subscribe
16622,2024-03-29,subscribe
16632,2024-04-29,subscribe
16650,2024-02-06,subscribe
16653,2024-05-20,subscribe
16655,2024-05-03,subscribe
16665,2024-04-10,subscribe
16669,2024-02-03,subscribe
16676,2024-04-28,subscribe
16677,2024-06-04,subscribe
16680,2024-01-24,subscribe
16702,2024-02-07,subscribe
16703,2024-06-18,subscribe
16719,2024-04-22,subscribe
16722,2024-02-11,subscribe
16724,2024-04-06,subscribe
16740,2024-06-08,subscribe
16745,2024-01-27,subscribe
16747,2024-06-12,subscribe
16753,2024-03-31,subscribe
16761,2024-04-11,subscribe
16765,2024-05-20,subscribe
16768,2024-04-23,subscribe
16775,2024-01-30,subscribe
16779,2024-03-03,subscribe
16782,2024-01-14,subscribe
16813,2024-06-23,subscribe
16815,2024-01-14,subscribe
16822,2024-05-22,subscribe
16826,2024-04-06,subscribe
16828,2024-06-11,subscribe
16835,2024-01-05,subscribe
16836,2024-01-16,subscribe
16852,2024-02-18,subscribe
16857,2024-03-05,subscribe
16861,2024-02-22,subscribe
16863,2024-01-19,subscribe
16878,2024-06-13,subscribe
16891,2024-02-01,subscribe
16903,2024-07-01,subscribe
16913,2024-06-12,subscribe
16914,2024-01-13,subscribe
16915,2024-03-14,subscribe
16916,2024-05-20,subscribe
16918,2024-03-01,subscribe
16924,2024-03-16,subscribe
16931,2024-06-22,subscribe
16936,2024-03-22,subscribe
16944,2024-05-23,subscribe
16960,2024-01-08,subscribe
16965,2024-01-17,subscribe
16975,2024-06-02,subscribe
16990,2024-01-09,subscribe
17021,2024-07-01,subscribe
17030,2024-04-14,subscribe
17038,2024-06-26,subscribe
17056,2024-03-07,subscribe
17069,2024-05-04,subscribe
17071,2024-06-24,subscribe
17085,2024-06-02,subscribe
17107,2024-02-23,subscribe
17110,2024-03-01,subscribe
17140,2024-01-20,subscribe
17149,2024-05-31,subscribe
17155,2024-01-23,subscribe
17163,2024-06-10,subscribe
17183,2024-05-22,subscribe
17193,2024-07-02,subscribe
17198,2024-03-18,subscribe
17199,2024-05-01,subscribe
17209,2024-01-15,subscribe
17218,2024-06-19,subscribe
17226,2024-02-29,subscribe
17230,2024-04-16,subscribe
17248,2024-05-15,subscribe
17262,2024-01-17,subscribe
17277,2024-05-21,subscribe
17282,2024-04-27,subscribe
17284,2024-01-18,subscribe
17305,2024-03-10,subscribe
17313,2024-03-30,subscribe
17321,2024-01-19,subscribe
17328,2024-03-23,subscribe
17331,2024-01-12,subscribe
17334,2024-02-27,subscribe
17339,2024-04-25,subscribe
17343,2024-04-17,subscribe
17346,2024-02-14,subscribe
17349,2024-04-26,subscribe
17350,2024-01-10,subscribe
17351,2024-07-03,subscribe
17352,2024-05-27,subscribe
17353,2024-03-16,subscribe
17355,2024-07-02,subscribe
17368,2024-06-06,subscribe
17370,2024-04-20,subscribe
17372,2024-01-26,subscribe
17376,2024-03-16,subscribe
17383,2024-02-07,subscribe
17393,2024-04-17,subscribe
17394,2024-03-19,subscribe
17397,2024-01-23,subscribe
17401,2024-03-18,subscribe
17409,2024-05-13,subscribe
17438,2024-03-23,subscribe
17450,2024-01-21,subscribe
17471,2024-01-25,subscribe
17480,2024-01-21,subscribe
17505,2024-03-10,subscribe
17509,2024-06-21,subscribe
17520,2024-06-17,subscribe
17539,2024-06-05,subscribe
17576,2024-06-02,subscribe
17577,2024-05-09,subscribe
17620,2024-07-08,subscribe
17637,2024-05-08,subscribe
17639,2024-04-30,subscribe
17650,2024-01-26,subscribe
17653,2024-05-14,subscribe
17658,2024-06-28,subscribe
17688,2024-01-09,subscribe
17698,2024-05-06,subscribe
17708,2024-03-30,subscribe
17710,2024-03-09,subscribe
17712,2024-03-28,subscribe
17719,2024-05-02,subscribe
17720,2024-04-09,subscribe
17726,2024-02-21,subscribe
17731,2024-04-05,subscribe
17763,2024-04-03,subscribe
17772,2024-02-08,subscribe
17786,2024-01-25,subscribe
17793,2024-05-19,subscribe
17810,2024-06-07,subscribe
17827,2024-02-12,subscribe
17851,2024-01-13,subscribe
17857,2024-01-14,subscribe
17867,2024-02-02,subscribe
17868,2024-05-29,subscribe
17888,2024-05-06,subscribe
17895,2024-07-10,subscribe
17898,2024-02-27,subscribe
17925,2024-03-03,subscribe
17931,2024-05-23,subscribe
17932,2024-03-15,subscribe
17945,2024-03-22,subscribe
17977,2024-05-24,subscribe
17981,2024-02-14,subscribe
17989,2024-07-06,subscribe
17992,2024-04-06,subscribe
18017,2024-07-05,subscribe
18019,2024-03-20,subscribe
18022,2024-04-14,subscribe
18024,2024-06-21,subscribe
18032,2024-02-08,subscribe
18040,2024-03-15,subscribe
18044,2024-04-04,subscribe
18048,2024-05-13,subscribe
18057,2024-01-30,subscribe
18071,2024-02-02,subscribe
18082,2024-01-16,subscribe
18088,2024-01-18,subscribe
18090,2024-07-07,subscribe
18094,2024-07-02,subscribe
18107,2024-03-01,subscribe
18113,2024-05-02,subscribe
18140,2024-04-28,subscribe
18158,2024-06-30,subscribe
18171,2024-01-17,subscribe
18181,2024-04-07,subscribe
18182,2024-04-01,subscribe
18201,2024-02-04,subscribe
18203,2024-04-12,subscribe
18210,2024-03-22,subscribe
18215,2024-01-12,subscribe
18224,2024-01-17,subscribe
18237,2024-05-09,subscribe
18238,2024-01-13,subscribe
18242,2024-02-12,subscribe
18252,2024-05-11,subscribe
18255,2024-06-30,subscribe
18263,2024-04-07,subscribe
18282,2024-02-29,subscribe
18284,2024-02-27,subscribe
18288,2024-06-27,subscribe
18291,2024-06-07,subscribe
18298,2024-05-25,subscribe
18302,2024-02-28,subscribe
18304,2024-06-10,subscribe
18312,2024-05-09,subscribe
18336,2024-06-09,subscribe
18348,2024-01-26,subscribe
18367,2024-07-06,subscribe
18404,2024-01-28,subscribe
18407,2024-01-20,subscribe
18417,2024-04-16,subscribe
18419,2024-01-31,subscribe
18420,2024-05-24,subscribe
18428,2024-03-16,subscribe
18441,2024-02-10,subscribe
18450,2024-05-18,subscribe
18452,2024-05-10,subscribe
18465,2024-04-02,subscribe
18471,2024-02-17,subscribe
18518,2024-06-07,subscribe
18524,2024-07-04,subscribe
18555,2024-05-25,subscribe
18583,2024-03-17,subscribe
18586,2024-03-13,subscribe
18597,2024-05-25,subscribe
18598,2024-05-03,subscribe
18601,2024-07-10,subscribe
18611,2024-02-20,subscribe
18620,2024-04-21,subscribe
18621,2024-01-14,subscribe
18623,2024-03-11,subscribe
18624,2024-04-24,subscribe
18635,2024-06-10,subscribe
18636,2024-03-10,subscribe
18651,2024-06-10,subscribe
18661,2024-05-29,subscribe
18665,2024-05-17,subscribe
18676,2024-01-11,subscribe
18683,2024-04-28,subscribe
18685,2024-01-19,subscribe
18687,2024-04-03,subscribe
18697,2024-06-19,subscribe
18699,2024-02-12,subscribe
18700,2024-01-19,subscribe
18704,2024-01-21,subscribe
18713,2024-03-17,subscribe
18724,2024-01-10,subscribe
18731,2024-02-25,subscribe
18736,2024-05-13,subscribe
18782,2024-01-27,subscribe
18795,2024-03-23,subscribe
18797,2024-01-26,subscribe
18799,2024-02-20,subscribe
18807,2024-05-02,subscribe
18811,2024-02-29,subscribe
18813,2024-05-09,subscribe
18823,2024-04-25,subscribe
18827,2024-02-22,subscribe
18828,2024-01-12,subscribe
18849,2024-02-14,subscribe
18850,2024-02-14,subscribe
18857,2024-04-01,subscribe
18872,2024-03-26,subscribe
18875,2024-01-14,subscribe
18876,2024-01-18,subscribe
18883,2024-02-22,subscribe
18894,2024-01-24,subscribe
18918,2024-01-05,subscribe
18934,2024-03-16,subscribe
18946,2024-04-03,subscribe
18950,2024-03-19,subscribe
18953,2024-03-23,subscribe
18969,2024-03-25,subscribe
18986,2024-06-23,subscribe
19022,2024-02-13,subscribe
19040,2024-05-29,subscribe
19047,2024-03-11,subscribe
19048,2024-05-14,subscribe
19059,2024-06-23,subscribe
19064,2024-06-02,subscribe
19074,2024-03-11,subscribe
19078,2024-02-26,subscribe
19086,2024-02-27,subscribe
19089,2024-03-19,subscribe
19093,2024-02-18,subscribe
19108,2024-04-24,subscribe
19123,2024-06-14,subscribe
19126,2024-02-13,subscribe
19129,2024-03-10,subscribe
19135,2024-01-13,subscribe
19141,2024-05-15,subscribe
19150,2024-04-28,subscribe
19160,2024-05-06,subscribe
19161,2024-05-21,subscribe
19167,2024-07-11,subscribe
19218,2024-06-30,subscribe
19222,2024-03-31,subscribe
19228,2024-02-11,subscribe
19239,2024-06-04,subscribe
19242,2024-03-26,subscribe
19265,2024-06-28,subscribe
19291,2024-04-10,subscribe
19297,2024-05-17,subscribe
19302,2024-02-26,subscribe
19304,2024-02-15,subscribe
19327,2024-02-20,subscribe
19331,2024-06-30,subscribe
19342,2024-03-26,subscribe
19348,2024-06-14,subscribe
19353,2024-05-21,subscribe
19368,2024-04-28,subscribe
19374,2024-06-10,subscribe
19377,2024-02-20,subscribe
19411,2024-05-12,subscribe
19412,2024-07-02,subscribe
19420,2024-02-17,subscribe
19429,2024-02-19,subscribe
19432,2024-03-04,subscribe
19433,2024-02-23,subscribe
19439,2024-04-30,subscribe
19465,2024-05-21,subscribe
19472,2024-03-31,subscribe
19474,2024-05-28,subscribe
19491,2024-02-23,subscribe
19494,2024-07-04,subscribe
19504,2024-02-05,subscribe
19513,2024-03-16,subscribe
19514,2024-04-30,subscribe
19546,2024-05-28,subscribe
19553,2024-01-23,subscribe
19559,2024-06-15,subscribe
19560,2024-02-09,subscribe
19570,2024-04-20,subscribe
19574,2024-03-27,subscribe
19575,2024-02-24,subscribe
19584,2024-01-06,subscribe
19593,2024-06-20,subscribe
19594,2024-04-23,subscribe
19600,2024-03-25,subscribe
19607,2024-02-11,subscribe
19611,2024-01-25,subscribe
19615,2024-05-11,subscribe
19617,2024-05-22,subscribe
19624,2024-05-25,subscribe
19627,2024-04-19,subscribe
19629,2024-03-04,subscribe
19630,2024-02-26,subscribe
19637,2024-01-07,subscribe
19654,2024-04-16,subscribe
19656,2024-01-04,subscribe
19657,2024-05-20,subscribe
19663,2024-06-13,subscribe
19664,2024-05-16,subscribe
19676,2024-02-21,subscribe
19699,2024-01-21,subscribe
19754,2024-07-01,subscribe
19763,2024-06-12,subscribe
19773,2024-04-08,subscribe
19782,2024-05-16,subscribe
19792,2024-05-25,subscribe
19824,2024-01-17,subscribe
19848,2024-06-24,subscribe
19849,2024-03-10,subscribe
19854,2024-02-29,subscribe
19864,2024-05-09,subscribe
19881,2024-05-22,subscribe
19886,2024-01-20,subscribe
19887,2024-03-02,subscribe
19898,2024-06-24,subscribe
19904,2024-06-29,subscribe
19916,2024-02-02,subscribe
19918,2024-02-06,subscribe
19922,2024-07-02,subscribe
19928,2024-04-11,subscribe
19950,2024-05-22,subscribe
19956,2024-06-20,subscribe
19970,2024-02-26,subscribe
19990,2024-05-16,subscribe
20005,2024-05-24,subscribe
20008,2024-04-15,subscribe
20024,2024-03-15,subscribe
20030,2024-03-14,subscribe
20031,2024-04-29,subscribe
20036,2024-04-03,subscribe
20071,2024-06-17,subscribe
20081,2024-06-28,subscribe
20093,2024-01-24,subscribe
20098,2024-03-31,subscribe
20108,2024-03-26,subscribe
20124,2024-03-06,subscribe
20125,2024-06-22,subscribe
20127,2024-04-02,subscribe
20131,2024-06-07,subscribe
20132,2024-02-03,subscribe
20153,2024-03-10,subscribe
20154,2024-03-29,subscribe
20161,2024-05-19,subscribe
20172,2024-06-04,subscribe
20175,2024-05-04,subscribe
20177,2024-02-29,subscribe
20184,2024-06-02,subscribe
20192,2024-01-15,subscribe
20209,2024-04-04,subscribe
20213,2024-05-25,subscribe
20216,2024-06-26,subscribe
20220,2024-01-05,subscribe
20225,2024-03-15,subscribe
20226,2024-03-13,subscribe
20229,2024-03-11,subscribe
20240,2024-07-04,subscribe
20244,2024-06-20,subscribe
20248,2024-01-24,subscribe
20249,2024-01-17,subscribe
20274,2024-05-20,subscribe
20279,2024-05-02,subscribe
20292,2024-06-16,subscribe
20301,2024-02-22,subscribe
20314,2024-05-13,subscribe
20320,2024-05-13,subscribe
20323,2024-04-18,subscribe
20325,2024-05-07,subscribe
20335,2024-02-08,subscribe
20339,2024-06-19,subscribe
20379,2024-03-22,subscribe
20384,2024-02-01,subscribe
20386,2024-02-26,subscribe
20407,2024-03-24,subscribe
20418,2024-07-04,subscribe
20434,2024-06-01,subscribe
20447,2024-04-17,subscribe
20451,2024-05-09,subscribe
20452,2024-01-22,subscribe
20457,2024-04-21,subscribe
20460,2024-03-29,subscribe
20470,2024-06-20,subscribe
20471,2024-06-02,subscribe
20476,2024-02-04,subscribe
20501,2024-05-26,subscribe
20515,2024-05-21,subscribe
20524,2024-03-12,subscribe
20529,2024-05-01,subscribe
20530,2024-06-19,subscribe
20531,2024-01-12,subscribe
20533,2024-03-28,subscribe
20541,2024-03-30,subscribe
20544,2024-01-19,subscribe
20548,2024-03-23,subscribe
20587,2024-03-14,subscribe
20591,2024-04-24,subscribe
20598,2024-06-07,subscribe
20609,2024-04-16,subscribe
20618,2024-05-20,subscribe
20619,2024-05-29,subscribe
20626,2024-05-04,subscribe
20631,2024-06-12,subscribe
20640,2024-02-22,subscribe
20644,2024-01-15,subscribe
20645,2024-04-27,subscribe
20659,2024-06-11,subscribe
20660,2024-02-02,subscribe
20677,2024-05-18,subscribe
20688,2024-07-04,subscribe
20693,2024-06-24,subscribe
20696,2024-01-17,subscribe
20702,2024-01-26,subscribe
20727,2024-01-31,subscribe
20737,2024-02-17,subscribe
20741,2024-03-29,subscribe
20748,2024-05-17,subscribe
20771,2024-03-22,subscribe
20781,2024-01-13,subscribe
20787,2024-02-05,subscribe
20798,2024-06-11,subscribe
20800,2024-06-19,subscribe
20805,2024-05-09,subscribe
20810,2024-04-28,subscribe
20833,2024-01-22,subscribe
20842,2024-05-30,subscribe
20844,2024-05-12,subscribe
20852,2024-06-29,subscribe
20853,2024-05-29,subscribe
20855,2024-07-04,subscribe
20870,2024-02-23,subscribe
20879,2024-05-14,subscribe
20884,2024-01-26,subscribe
20887,2024-02-08,subscribe
20909,2024-02-12,subscribe
20916,2024-06-07,subscribe
20917,2024-03-24,subscribe
20943,2024-05-26,subscribe
20946,2024-02-25,subscribe
20949,2024-04-03,subscribe
20951,2024-03-07,subscribe
20967,2024-04-09,subscribe
20977,2024-03-14,subscribe
20986,2024-01-25,subscribe
21018,2024-05-02,subscribe
21033,2024-04-19,subscribe
21034,2024-07-01,subscribe
21066,2024-04-01,subscribe
21069,2024-03-15,subscribe
21070,2024-03-23,subscribe
21075,2024-05-30,subscribe
21076,2024-04-10,subscribe
21077,2024-03-04,subscribe
21088,2024-04-16,subscribe
21093,2024-03-23,subscribe
21110,2024-04-30,subscribe
21121,2024-04-06,subscribe
21126,2024-01-29,subscribe
21144,2024-05-02,subscribe
21153,2024-04-15,subscribe
21169,2024-03-14,subscribe
21176,2024-02-18,subscribe
21180,2024-02-10,subscribe
21188,2024-04-17,subscribe
21190,2024-06-24,subscribe
21196,2024-06-28,subscribe
21201,2024-05-09,subscribe
21204,2024-04-10,subscribe
21208,2024-03-26,subscribe
21214,2024-06-09,subscribe
21219,2024-02-18,subscribe
21229,2024-04-19,subscribe
21238,2024-03-04,subscribe
21239,2024-05-25,subscribe
21245,2024-02-10,subscribe
21270,2024-05-07,subscribe
21276,2024-06-12,subscribe
21284,2024-02-27,subscribe
21290,2024-02-07,subscribe
21331,2024-05-14,subscribe
21342,2024-03-08,subscribe
21346,2024-02-03,subscribe
21349,2024-04-10,subscribe
21369,2024-06-29,subscribe
21375,2024-02-24,subscribe
21390,2024-06-03,subscribe
21398,2024-02-13,subscribe
21408,2024-06-14,subscribe
21417,2024-03-30,subscribe
21421,2024-05-03,subscribe
21437,2024-01-20,subscribe
21440,2024-04-01,subscribe
21441,2024-06-21,subscribe
21447,2024-05-10,subscribe
21448,2024-01-27,subscribe
21449,2024-05-17,subscribe
21451,2024-06-19,subscribe
21460,2024-05-17,subscribe
21462,2024-02-07,subscribe
21467,2024-07-09,subscribe
21482,2024-06-11,subscribe
21492,2024-05-16,subscribe
21497,2024-03-22,subscribe
21514,2024-01-22,subscribe
21517,2024-05-08,subscribe
21537,2024-04-23,subscribe
21542,2024-02-23,subscribe
21545,2024-07-05,subscribe
21546,2024-04-14,subscribe
21555,2024-02-19,subscribe
21568,2024-04-05,subscribe
21575,2024-03-24,subscribe
21587,2024-04-16,subscribe
21593,2024-05-11,subscribe
21596,2024-03-29,subscribe
21598,2024-01-10,subscribe
21604,2024-03-07,subscribe
21618,2024-06-01,subscribe
21630,2024-04-26,subscribe
21632,2024-07-04,subscribe
21636,2024-06-02,subscribe
21638,2024-02-04,subscribe
21648,2024-05-17,subscribe
21649,2024-04-16,subscribe
21657,2024-05-22,subscribe
21662,2024-06-23,subscribe
21663,2024-02-07,subscribe
21664,2024-02-13,subscribe
21666,2024-05-31,subscribe
21671,2024-05-28,subscribe
21676,2024-05-21,subscribe
21680,2024-04-10,subscribe
21686,2024-05-05,subscribe
21688,2024-03-18,subscribe
21690,2024-04-20,subscribe
21692,2024-06-07,subscribe
21694,2024-02-29,subscribe
21700,2024-03-18,subscribe
21710,2024-06-05,subscribe
21752,2024-05-25,subscribe
21759,2024-05-14,subscribe
21766,2024-01-14,subscribe
21783,2024-07-02,subscribe
21788,2024-04-02,subscribe
21797,2024-06-02,subscribe
21813,2024-03-12,subscribe
21821,2024-04-29,subscribe
21832,2024-06-17,subscribe
21837,2024-01-17,subscribe
21851,2024-05-03,subscribe
21853,2024-03-02,subscribe
21858,2024-01-15,subscribe
21859,2024-03-03,subscribe
21879,2024-05-09,subscribe
21896,2024-02-01,subscribe
21903,2024-03-05,subscribe
21906,2024-01-22,subscribe
21929,2024-05-13,subscribe
21935,2024-01-28,subscribe
21943,2024-01-26,subscribe
21955,2024-01-26,subscribe
21961,2024-05-31,subscribe
21970,2024-01-19,subscribe
21974,2024-05-18,subscribe
21994,2024-05-13,subscribe
22001,2024-03-06,subscribe
22010,2024-05-21,subscribe
22028,2024-07-01,subscribe
22066,2024-06-23,subscribe
22076,2024-02-25,subscribe
22078,2024-02-20,subscribe
22085,2024-01-14,subscribe
22089,2024-03-29,subscribe
22091,2024-05-17,subscribe
22123,2024-05-17,subscribe
22126,2024-03-12,subscribe
22131,2024-06-15,subscribe
22138,2024-01-14,subscribe
22148,2024-01-23,subscribe
22149,2024-05-01,subscribe
22160,2024-06-22,subscribe
22177,2024-03-20,subscribe
22178,2024-02-26,subscribe
22187,2024-01-22,subscribe
22191,2024-02-19,subscribe
22209,2024-06-22,subscribe
22230,2024-04-14,subscribe
22233,2024-06-13,subscribe
22237,2024-01-13,subscribe
22252,2024-02-25,subscribe
22258,2024-02-04,subscribe
22259,2024-06-02,subscribe
22263,2024-05-23,subscribe
22273,2024-03-22,subscribe
22275,2024-04-19,subscribe
22276,2024-05-13,subscribe
22282,2024-06-26,subscribe
22285,2024-01-16,subscribe
22293,2024-06-08,subscribe
22331,2024-01-23,subscribe
22333,2024-04-25,subscribe
22356,2024-04-23,subscribe
22362,2024-03-12,subscribe
22367,2024-02-19,subscribe
22398,2024-04-27,subscribe
22405,2024-01-10,subscribe
22406,2024-04-19,subscribe
22417,2024-03-21,subscribe
22418,2024-05-25,subscribe
22427,2024-05-11,subscribe
22430,2024-06-14,subscribe
22433,2024-01-21,subscribe
22452,2024-03-26,subscribe
22467,2024-02-15,subscribe
22476,2024-05-12,subscribe
22493,2024-03-13,subscribe
22499,2024-01-20,subscribe
22501,2024-03-04,subscribe
22502,2024-06-13,subscribe
22517,2024-05-05,subscribe
22523,2024-02-26,subscribe
22524,2024-02-03,subscribe
22531,2024-03-29,subscribe
22533,2024-06-01,subscribe
22539,2024-06-09,subscribe
22562,2024-01-26,subscribe
22571,2024-02-12,subscribe
22589,2024-06-05,subscribe
22595,2024-06-19,subscribe
22598,2024-01-14,subscribe
22618,2024-03-30,subscribe
22636,2024-02-29,subscribe
22685,2024-01-26,subscribe
22686,2024-04-03,subscribe
22689,2024-05-23,subscribe
22695,2024-07-09,subscribe
22724,2024-02-06,subscribe
22737,2024-01-20,subscribe
22752,2024-05-08,subscribe
22759,2024-02-24,subscribe
22760,2024-05-28,subscribe
22765,2024-02-12,subscribe
22766,2024-03-01,subscribe
22772,2024-06-07,subscribe
22773,2024-03-16,subscribe
22786,2024-06-11,subscribe
22795,2024-03-21,subscribe
22808,2024-03-17,subscribe
22816,2024-05-26,subscribe
22828,2024-04-02,subscribe
22834,2024-02-16,subscribe
22836,2024-04-10,subscribe
22847,2024-05-15,subscribe
22852,2024-05-04,subscribe
22861,2024-02-23,subscribe
22878,2024-05-02,subscribe
22893,2024-02-20,subscribe
22894,2024-07-01,subscribe
22895,2024-02-06,subscribe
22904,2024-04-03,subscribe
22919,2024-01-09,subscribe
22924,2024-01-17,subscribe
22931,2024-02-12,subscribe
22956,2024-05-25,subscribe
22958,2024-04-18,subscribe
22960,2024-06-18,subscribe
22961,2024-02-13,subscribe
22982,2024-02-06,subscribe
22983,2024-05-01,subscribe
23001,2024-02-19,subscribe
23008,2024-06-15,subscribe
23012,2024-02-05,subscribe
23027,2024-02-26,subscribe
23028,2024-05-15,subscribe
23031,2024-03-09,subscribe
23045,2024-03-26,subscribe
23047,2024-07-07,subscribe
23056,2024-03-19,subscribe
23069,2024-05-20,subscribe
23071,2024-05-14,subscribe
23074,2024-03-09,subscribe
23096,2024-06-06,subscribe
23105,2024-02-25,subscribe
23114,2024-05-14,subscribe
23115,2024-04-07,subscribe
23121,2024-03-29,subscribe
23123,2024-07-02,subscribe
23125,2024-03-06,subscribe
23132,2024-05-23,subscribe
23138,2024-03-19,subscribe
23141,2024-03-19,subscribe
23143,2024-01-25,subscribe
23157,2024-06-02,subscribe
23158,2024-04-12,subscribe
23170,2024-01-22,subscribe
23176,2024-06-04,subscribe
23184,2024-02-15,subscribe
23188,2024-02-17,subscribe
23213,2024-01-28,subscribe
23224,2024-04-01,subscribe
23225,2024-05-08,subscribe
23232,2024-03-24,subscribe
23243,2024-06-05,subscribe
23244,2024-03-20,subscribe
23250,2024-01-12,subscribe
23254,2024-04-25,subscribe
23258,2024-01-24,subscribe
23277,2024-02-10,subscribe
23278,2024-05-22,subscribe
23280,2024-04-12,subscribe
23285,2024-04-10,subscribe
23290,2024-05-07,subscribe
23298,2024-04-15,subscribe
23299,2024-01-31,subscribe
23308,2024-02-13,subscribe
23323,2024-03-07,subscribe
23324,2024-05-28,subscribe
23335,2024-06-29,subscribe
23339,2024-03-06,subscribe
23380,2024-01-17,subscribe
23381,2024-03-03,subscribe
23389,2024-02-26,subscribe
23418,2024-05-01,subscribe
23439,2024-06-24,subscribe
23444,2024-01-30,subscribe
23459,2024-04-03,subscribe
23465,2024-05-07,subscribe
23472,2024-02-13,subscribe
23486,2024-07-03,subscribe
23506,2024-03-08,subscribe
23526,2024-03-13,subscribe
23527,2024-06-26,subscribe
23541,2024-05-18,subscribe
23549,2024-02-02,subscribe
23550,2024-04-23,subscribe
23566,2024-03-07,subscribe
23573,2024-04-28,subscribe
23589,2024-04-10,subscribe
23590,2024-04-16,subscribe
23600,2024-07-04,subscribe
23612,2024-06-22,subscribe
23627,2024-05-20,subscribe
23646,2024-02-23,subscribe
23648,2024-07-01,subscribe
23653,2024-06-23,subscribe
23665,2024-05-01,subscribe
23667,2024-06-19,subscribe
23669,2024-04-08,subscribe
23670,2024-02-13,subscribe
23672,2024-02-26,subscribe
23676,2024-01-12,subscribe
23679,2024-01-24,subscribe
23682,2024-06-18,subscribe
23684,2024-02-06,subscribe
23692,2024-05-07,subscribe
23703,2024-02-01,subscribe
23709,2024-03-13,subscribe
23715,2024-06-02,subscribe
23718,2024-02-03,subscribe
23724,2024-06-05,subscribe
23726,2024-05-09,subscribe
23727,2024-05-05,subscribe
23733,2024-02-26,subscribe
23751,2024-03-29,subscribe
23765,2024-06-06,subscribe
23766,2024-02-20,subscribe
23817,2024-06-22,subscribe
23839,2024-06-04,subscribe
23843,2024-05-28,subscribe
23856,2024-03-20,subscribe
23858,2024-02-27,subscribe
23862,2024-02-10,subscribe
23892,2024-04-16,subscribe
23902,2024-02-12,subscribe
23908,2024-04-03,subscribe
23910,2024-03-28,subscribe
23932,2024-03-15,subscribe
23941,2024-03-05,subscribe
23949,2024-02-10,subscribe
23961,2024-01-28,subscribe
23967,2024-06-30,subscribe
23978,2024-05-24,subscribe
23994,2024-04-19,subscribe
23998,2024-05-05,subscribe
23999,2024-01-28,subscribe
24016,2024-03-04,subscribe
24029,2024-05-27,subscribe
24036,2024-06-19,subscribe
24043,2024-04-16,subscribe
24046,2024-01-20,subscribe
24068,2024-04-27,subscribe
24069,2024-03-15,subscribe
24073,2024-05-09,subscribe
24079,2024-06-18,subscribe
24086,2024-02-20,subscribe
24088,2024-07-03,subscribe
24092,2024-03-31,subscribe
24099,2024-07-02,subscribe
24111,2024-04-05,subscribe
24149,2024-06-06,subscribe
24150,2024-05-03,subscribe
24159,2024-07-05,subscribe
24170,2024-04-03,subscribe
24172,2024-04-25,subscribe
24175,2024-06-15,subscribe
24196,2024-03-28,subscribe
24197,2024-04-01,subscribe
24203,2024-06-08,subscribe
24226,2024-05-11,subscribe
24236,2024-01-30,subscribe
24239,2024-05-30,subscribe
24257,2024-05-19,subscribe
24261,2024-03-23,subscribe
24275,2024-05-25,subscribe
24291,2024-03-22,subscribe
24327,2024-02-12,subscribe
24333,2024-04-13,subscribe
24340,2024-05-29,subscribe
24344,2024-06-12,subscribe
24358,2024-01-11,subscribe
24362,2024-02-07,subscribe
24363,2024-05-21,subscribe
24364,2024-04-03,subscribe
24368,2024-02-21,subscribe
24384,2024-03-11,subscribe
24386,2024-01-04,subscribe
24393,2024-04-16,subscribe
24394,2024-01-12,subscribe
24417,2024-04-27,subscribe
24422,2024-04-22,subscribe
24439,2024-07-04,subscribe
24453,2024-04-22,subscribe
24467,2024-02-24,subscribe
24492,2024-02-06,subscribe
24494,2024-02-27,subscribe
24499,2024-05-06,subscribe
24501,2024-04-18,subscribe
24506,2024-01-17,subscribe
24509,2024-02-24,subscribe
24514,2024-02-25,subscribe
24518,2024-04-21,subscribe
24542,2024-01-13,subscribe
24554,2024-01-17,subscribe
24562,2024-01-27,subscribe
24576,2024-05-25,subscribe
24584,2024-02-26,subscribe
24597,2024-05-24,subscribe
24601,2024-06-23,subscribe
24605,2024-05-05,subscribe
24609,2024-06-14,subscribe
24615,2024-04-27,subscribe
24623,2024-04-15,subscribe
24636,2024-02-02,subscribe
24637,2024-05-13,subscribe
24640,2024-02-01,subscribe
24641,2024-05-06,subscribe
24648,2024-05-25,subscribe
24667,2024-03-03,subscribe
24668,2024-02-29,subscribe
24670,2024-03-24,subscribe
24679,2024-05-29,subscribe
24681,2024-03-25,subscribe
24696,2024-02-04,subscribe
24701,2024-01-25,subscribe
24703,2024-01-17,subscribe
24708,2024-05-27,subscribe
24712,2024-01-09,subscribe
24723,2024-05-16,subscribe
24725,2024-03-23,subscribe
24741,2024-01-10,subscribe
24747,2024-04-26,subscribe
24753,2024-03-21,subscribe
24755,2024-03-03,subscribe
24770,2024-02-12,subscribe
24776,2024-04-29,subscribe
24800,2024-01-31,subscribe
24804,2024-05-02,subscribe
24810,2024-01-27,subscribe
24849,2024-03-15,subscribe
24853,2024-06-11,subscribe
24854,2024-03-12,subscribe
24875,2024-01-29,subscribe
24881,2024-03-15,subscribe
24882,2024-06-04,subscribe
24889,2024-05-15,subscribe
24892,2024-02-13,subscribe
24893,2024-01-17,subscribe
24907,2024-01-20,subscribe
24913,2024-01-22,subscribe
24914,2024-02-14,subscribe
24918,2024-05-06,subscribe
24920,2024-05-20,subscribe
24924,2024-05-14,subscribe
24958,2024-06-05,subscribe
24966,2024-06-06,subscribe
24969,2024-05-17,subscribe
24982,2024-05-02,subscribe
24985,2024-05-31,subscribe
24989,2024-04-18,subscribe
25007,2024-05-23,subscribe
25011,2024-05-11,subscribe
25045,2024-02-07,subscribe
25047,2024-07-04,subscribe
25071,2024-03-29,subscribe
25085,2024-04-10,subscribe
25093,2024-04-16,subscribe
25096,2024-05-31,subscribe
25105,2024-01-20,subscribe
25112,2024-03-31,subscribe
25126,2024-06-08,subscribe
25127,2024-02-14,subscribe
25129,2024-03-01,subscribe
25137,2024-04-02,subscribe
25153,2024-03-25,subscribe
25170,2024-02-26,subscribe
25175,2024-02-14,subscribe
25183,2024-05-21,subscribe
25201,2024-06-13,subscribe
25246,2024-04-27,subscribe
25253,2024-06-08,subscribe
25260,2024-05-03,subscribe
25265,2024-06-16,subscribe
25275,2024-03-16,subscribe
25288,2024-07-07,subscribe
25295,2024-01-13,subscribe
25310,2024-02-06,subscribe
25317,2024-05-21,subscribe
25321,2024-06-08,subscribe
25325,2024-05-12,subscribe
25333,2024-06-14,subscribe
25336,2024-03-11,subscribe
25348,2024-03-08,subscribe
25350,2024-01-25,subscribe
25357,2024-04-24,subscribe
25371,2024-04-27,subscribe
25373,2024-04-22,subscribe
25375,2024-06-07,subscribe
25379,2024-02-10,subscribe
25385,2024-01-26,subscribe
25387,2024-06-14,subscribe
25402,2024-04-25,subscribe
25416,2024-03-26,subscribe
25440,2024-04-11,subscribe
25443,2024-03-03,subscribe
25464,2024-04-22,subscribe
25467,2024-04-01,subscribe
25469,2024-05-10,subscribe
25481,2024-04-06,subscribe
25485,2024-03-17,subscribe
25507,2024-06-14,subscribe
25515,2024-04-13,subscribe
25529,2024-07-03,subscribe
25533,2024-05-15,subscribe
25539,2024-06-09,subscribe
25594,2024-06-27,subscribe
25595,2024-05-19,subscribe
25600,2024-02-12,subscribe
25603,2024-04-16,subscribe
25605,2024-02-15,subscribe
25607,2024-05-23,subscribe
25627,2024-07-01,subscribe
25638,2024-04-02,subscribe
25645,2024-05-27,subscribe
25651,2024-02-08,subscribe
25654,2024-03-23,subscribe
25666,2024-05-17,subscribe
25687,2024-02-14,subscribe
25699,2024-03-20,subscribe
25710,2024-04-23,subscribe
25747,2024-02-23,subscribe
25750,2024-06-30,subscribe
25766,2024-05-25,subscribe
25786,2024-02-03,subscribe
25788,2024-03-12,subscribe
25798,2024-04-23,subscribe
25832,2024-04-13,subscribe
25835,2024-01-23,subscribe
25840,2024-03-16,subscribe
25850,2024-05-06,subscribe
25857,2024-04-25,subscribe
25872,2024-02-16,subscribe
25873,2024-05-28,subscribe
25882,2024-06-12,subscribe
25885,2024-03-28,subscribe
25897,2024-04-13,subscribe
25906,2024-03-15,subscribe
25930,2024-03-29,subscribe
25935,2024-02-23,subscribe
25940,2024-04-06,subscribe
25961,2024-06-05,subscribe
25974,2024-04-02,subscribe
25979,2024-07-09,subscribe
25989,2024-04-27,subscribe
25994,2024-05-14,subscribe
25998,2024-05-18,subscribe
26003,2024-05-20,subscribe
26011,2024-05-03,subscribe
26027,2024-04-17,subscribe
26029,2024-03-11,subscribe
26030,2024-02-27,subscribe
26054,2024-05-14,subscribe
26080,2024-05-23,subscribe
26085,2024-02-18,subscribe
26103,2024-06-25,subscribe
26113,2024-01-26,subscribe
26126,2024-06-18,subscribe
26136,2024-04-13,subscribe
26154,2024-04-03,subscribe
26168,2024-02-12,subscribe
26176,2024-02-27,subscribe
26197,2024-04-19,subscribe
26200,2024-04-22,subscribe
26202,2024-05-25,subscribe
26211,2024-02-15,subscribe
26215,2024-04-28,subscribe
26231,2024-04-12,subscribe
26234,2024-01-25,subscribe
26245,2024-04-09,subscribe
26247,2024-02-19,subscribe
26266,2024-02-23,subscribe
26270,2024-05-21,subscribe
26273,2024-03-19,subscribe
26288,2024-04-15,subscribe
26289,2024-07-03,subscribe
26301,2024-05-08,subscribe
26308,2024-05-04,subscribe
26329,2024-03-13,subscribe
26339,2024-03-28,subscribe
26341,2024-01-09,subscribe
26350,2024-02-06,subscribe
26352,2024-01-11,subscribe
26371,2024-05-25,subscribe
26405,2024-03-27,subscribe
26427,2024-04-28,subscribe
26447,2024-03-05,subscribe
26461,2024-01-07,subscribe
26463,2024-02-16,subscribe
26464,2024-01-30,subscribe
26484,2024-05-25,subscribe
26497,2024-03-01,subscribe
26502,2024-02-03,subscribe
26504,2024-06-11,subscribe
26513,2024-04-12,subscribe
26515,2024-04-28,subscribe
26518,2024-05-13,subscribe
26536,2024-05-07,subscribe
26550,2024-06-13,subscribe
26551,2024-06-23,subscribe
26590,2024-01-21,subscribe
26594,2024-07-03,subscribe
26606,2024-01-25,subscribe
26610,2024-06-24,subscribe
26659,2024-03-23,subscribe
26662,2024-07-05,subscribe
26663,2024-05-20,subscribe
26667,2024-02-09,subscribe
26669,2024-02-07,subscribe
26679,2024-06-13,subscribe
26710,2024-02-16,subscribe
26736,2024-04-02,subscribe
26742,2024-04-05,subscribe
26775,2024-06-04,subscribe
26778,2024-05-22,subscribe
26787,2024-02-12,subscribe
26804,2024-07-11,subscribe
26805,2024-02-12,subscribe
26812,2024-02-24,subscribe
26827,2024-01-30,subscribe
26850,2024-03-15,subscribe
26851,2024-02-28,subscribe
26853,2024-03-21,subscribe
26862,2024-02-21,subscribe
26899,2024-05-15,subscribe
26907,2024-05-27,subscribe
26908,2024-04-02,subscribe
26930,2024-05-09,subscribe
26933,2024-01-26,subscribe
26934,2024-01-22,subscribe
26939,2024-02-23,subscribe
26950,2024-03-05,subscribe
26951,2024-03-17,subscribe
26965,2024-06-17,subscribe
26967,2024-05-03,subscribe
26977,2024-01-15,subscribe
26994,2024-01-24,subscribe
27000,2024-02-21,subscribe
27001,2024-04-17,subscribe
27004,2024-03-22,subscribe
27008,2024-04-14,subscribe
27012,2024-06-19,subscribe
27023,2024-04-04,subscribe
27044,2024-03-01,subscribe
27053,2024-06-17,subscribe
27054,2024-06-25,subscribe
27066,2024-03-29,subscribe
27076,2024-02-01,subscribe
27081,2024-05-26,subscribe
27101,2024-06-11,subscribe
27103,2024-04-29,subscribe
27107,2024-02-20,subscribe
27109,2024-06-10,subscribe
27114,2024-05-22,subscribe
27130,2024-02-14,subscribe
27143,2024-04-19,subscribe
27144,2024-07-03,subscribe
27145,2024-04-29,subscribe
27149,2024-04-21,subscribe
27156,2024-05-19,subscribe
27169,2024-04-06,subscribe
27176,2024-01-10,subscribe
27179,2024-06-16,subscribe
27197,2024-04-24,subscribe
27207,2024-02-03,subscribe
27208,2024-05-26,subscribe
27230,2024-05-28,subscribe
27240,2024-05-22,subscribe
27243,2024-05-15,subscribe
27245,2024-05-01,subscribe
27246,2024-02-25,subscribe
27265,2024-04-12,subscribe
27276,2024-03-31,subscribe
27279,2024-04-05,subscribe
27328,2024-05-05,subscribe
27339,2024-04-24,subscribe
27346,2024-06-27,subscribe
27367,2024-01-18,subscribe
27379,2024-01-20,subscribe
27385,2024-06-06,subscribe
27388,2024-01-14,subscribe
27392,2024-02-03,subscribe
27402,2024-01-18,subscribe
27409,2024-03-19,subscribe
27432,2024-05-20,subscribe
27439,2024-06-18,subscribe
27440,2024-02-02,subscribe
27441,2024-02-11,subscribe
27474,2024-05-19,subscribe
27483,2024-04-22,subscribe
27502,2024-03-05,subscribe
27519,2024-06-20,subscribe
27522,2024-03-26,subscribe
27524,2024-05-05,subscribe
27533,2024-02-20,subscribe
27544,2024-05-11,subscribe
27553,2024-06-29,subscribe
27562,2024-02-02,subscribe
27563,2024-06-17,subscribe
27576,2024-07-04,subscribe
27582,2024-05-06,subscribe
27586,2024-05-08,subscribe
27594,2024-01-16,subscribe
27610,2024-03-09,subscribe
27615,2024-02-01,subscribe
27616,2024-04-27,subscribe
27618,2024-03-01,subscribe
27619,2024-04-27,subscribe
27621,2024-04-13,subscribe
27629,2024-05-17,subscribe
27645,2024-05-02,subscribe
27658,2024-01-20,subscribe
27662,2024-03-15,subscribe
27663,2024-01-24,subscribe
27671,2024-06-27,subscribe
27685,2024-02-08,subscribe
27697,2024-01-16,subscribe
27714,2024-04-26,subscribe
27718,2024-05-14,subscribe
27721,2024-02-11,subscribe
27727,2024-01-31,subscribe
27734,2024-04-11,subscribe
27735,2024-02-09,subscribe
27746,2024-02-09,subscribe
27749,2024-05-26,subscribe
27750,2024-07-08,subscribe
27756,2024-07-05,subscribe
27764,2024-01-20,subscribe
27765,2024-03-14,subscribe
27776,2024-01-14,subscribe
27792,2024-05-06,subscribe
27797,2024-06-19,subscribe
27800,2024-01-02,subscribe
27809,2024-04-17,subscribe
27813,2024-02-11,subscribe
27829,2024-01-15,subscribe
27832,2024-04-03,subscribe
27834,2024-04-10,subscribe
27837,2024-05-26,subscribe
27841,2024-04-30,subscribe
27855,2024-01-26,subscribe
27875,2024-03-05,subscribe
27878,2024-07-01,subscribe
27887,2024-05-04,subscribe
27902,2024-04-27,subscribe
27924,2024-06-18,subscribe
27947,2024-03-11,subscribe
27965,2024-03-05,subscribe
27966,2024-05-20,subscribe
27981,2024-05-07,subscribe
28008,2024-06-22,subscribe
28026,2024-01-17,subscribe
28056,2024-03-31,subscribe
28057,2024-06-30,subscribe
28081,2024-05-30,subscribe
28083,2024-02-26,subscribe
28094,2024-04-03,subscribe
28095,2024-06-22,subscribe
28096,2024-03-17,subscribe
28099,2024-01-29,subscribe
28100,2024-04-03,subscribe
28119,2024-03-08,subscribe
28120,2024-03-04,subscribe
28121,2024-02-26,subscribe
28134,2024-03-05,subscribe
28141,2024-06-06,subscribe
28148,2024-05-29,subscribe
28175,2024-02-23,subscribe
28181,2024-03-18,subscribe
28188,2024-06-26,subscribe
28200,2024-01-13,subscribe
28207,2024-05-17,subscribe
28225,2024-02-25,subscribe
28239,2024-02-17,subscribe
28256,2024-04-30,subscribe
28271,2024-05-27,subscribe
28272,2024-04-13,subscribe
28301,2024-05-20,subscribe
28329,2024-03-09,subscribe
28369,2024-01-30,subscribe
28376,2024-02-01,subscribe
28377,2024-03-18,subscribe
28396,2024-05-25,subscribe
28405,2024-06-24,subscribe
28406,2024-03-31,subscribe
28408,2024-02-07,subscribe
28415,2024-01-31,subscribe
28420,2024-05-27,subscribe
28425,2024-04-30,subscribe
28429,2024-02-03,subscribe
28436,2024-02-03,subscribe
28441,2024-06-20,subscribe
28444,2024-04-06,subscribe
28446,2024-02-26,subscribe
28456,2024-03-19,subscribe
28466,2024-06-11,subscribe
28469,2024-01-22,subscribe
28484,2024-06-23,subscribe
28491,2024-07-02,subscribe
28493,2024-02-05,subscribe
28502,2024-01-15,subscribe
28512,2024-05-22,subscribe
28522,2024-03-24,subscribe
28523,2024-06-24,subscribe
28548,2024-01-16,subscribe
28552,2024-01-11,subscribe
28554,2024-06-24,subscribe
28557,2024-04-16,subscribe
28559,2024-01-26,subscribe
28565,2024-01-29,subscribe
28566,2024-03-21,subscribe
28569,2024-02-08,subscribe
28577,2024-03-31,subscribe
28590,2024-04-03,subscribe
28591,2024-02-29,subscribe
28594,2024-03-14,subscribe
28595,2024-01-31,subscribe
28596,2024-04-06,subscribe
28598,2024-03-13,subscribe
28600,2024-02-20,subscribe
28609,2024-04-27,subscribe
28614,2024-05-12,subscribe
28615,2024-06-15,subscribe
28623,2024-01-19,subscribe
28624,2024-05-26,subscribe
28642,2024-03-25,subscribe
28643,2024-03-15,subscribe
28652,2024-05-05,subscribe
28665,2024-05-29,subscribe
28692,2024-04-02,subscribe
28704,2024-04-25,subscribe
28726,2024-06-08,subscribe
28728,2024-06-07,subscribe
28729,2024-05-14,subscribe
28752,2024-05-04,subscribe
28753,2024-05-07,subscribe
28764,2024-04-25,subscribe
28779,2024-05-19,subscribe
28793,2024-06-13,subscribe
28812,2024-01-22,subscribe
28822,2024-04-15,subscribe
28823,2024-01-15,subscribe
28850,2024-04-30,subscribe
28859,2024-03-21,subscribe
28865,2024-05-14,subscribe
28870,2024-07-02,subscribe
28893,2024-01-29,subscribe
28900,2024-04-24,subscribe
28905,2024-04-18,subscribe
28926,2024-03-24,subscribe
28970,2024-06-29,subscribe
28974,2024-02-24,subscribe
29029,2024-05-28,subscribe
29030,2024-04-10,subscribe
29050,2024-03-04,subscribe
29073,2024-05-04,subscribe
29081,2024-04-07,subscribe
29111,2024-06-23,subscribe
29121,2024-03-28,subscribe
29124,2024-03-09,subscribe
29125,2024-04-11,subscribe
29130,2024-04-22,subscribe
29133,2024-06-12,subscribe
29135,2024-06-11,subscribe
29141,2024-04-01,subscribe
29143,2024-03-27,subscribe
29146,2024-03-14,subscribe
29178,2024-02-25,subscribe
29183,2024-03-05,subscribe
29206,2024-03-03,subscribe
29207,2024-06-10,subscribe
29211,2024-04-27,subscribe
29230,2024-03-12,subscribe
29231,2024-04-30,subscribe
29236,2024-02-21,subscribe
29244,2024-05-21,subscribe
29248,2024-03-08,subscribe
29269,2024-05-26,subscribe
29287,2024-02-14,subscribe
29294,2024-04-01,subscribe
29300,2024-02-11,subscribe
29305,2024-05-01,subscribe
29310,2024-06-03,subscribe
29311,2024-07-05,subscribe
29319,2024-07-08,subscribe
29321,2024-03-18,subscribe
29323,2024-06-24,subscribe
29338,2024-01-04,subscribe
29339,2024-05-20,subscribe
29356,2024-01-23,subscribe
29366,2024-04-21,subscribe
29368,2024-05-05,subscribe
29374,2024-05-18,subscribe
29385,2024-06-12,subscribe
29391,2024-05-27,subscribe
29397,2024-02-28,subscribe
29398,2024-04-10,subscribe
29420,2024-06-29,subscribe
29426,2024-01-29,subscribe
29438,2024-01-31,subscribe
29444,2024-06-28,subscribe
29447,2024-05-24,subscribe
29448,2024-07-08,subscribe
29468,2024-06-10,subscribe
29472,2024-03-07,subscribe
29481,2024-06-06,subscribe
29486,2024-06-14,subscribe
29491,2024-04-10,subscribe
29493,2024-02-13,subscribe
29497,2024-06-18,subscribe
29506,2024-03-18,subscribe
29510,2024-01-29,subscribe
29519,2024-03-07,subscribe
29523,2024-05-24,subscribe
29533,2024-01-08,subscribe
29536,2024-04-12,subscribe
29543,2024-05-30,subscribe
29557,2024-03-31,subscribe
29573,2024-07-07,subscribe
29581,2024-06-28,subscribe
29594,2024-01-15,subscribe
29620,2024-06-29,subscribe
29622,2024-06-22,subscribe
29624,2024-04-04,subscribe
29631,2024-03-29,subscribe
29640,2024-03-20,subscribe
29649,2024-01-08,subscribe
29657,2024-06-11,subscribe
29676,2024-05-06,subscribe
29677,2024-02-07,subscribe
29690,2024-05-27,subscribe
29691,2024-03-17,subscribe
29703,2024-05-20,subscribe
29704,2024-05-31,subscribe
29777,2024-03-14,subscribe
29781,2024-02-24,subscribe
29797,2024-06-20,subscribe
29802,2024-04-21,subscribe
29826,2024-03-12,subscribe
29843,2024-03-18,subscribe
29871,2024-03-07,subscribe
29873,2024-04-20,subscribe
29890,2024-05-30,subscribe
29892,2024-06-18,subscribe
29894,2024-04-11,subscribe
29908,2024-06-12,subscribe
29911,2024-03-07,subscribe
29923,2024-03-18,subscribe
29930,2024-02-28,subscribe
29934,2024-05-17,subscribe
29940,2024-06-14,subscribe
29941,2024-05-03,subscribe
29943,2024-04-16,subscribe
29987,2024-03-23,subscribe
29990,2024-02-17,subscribe
29991,2024-01-07,subscribe
30000,2024-06-27,subscribe
30025,2024-02-20,subscribe
30037,2024-05-28,subscribe
30052,2024-05-13,subscribe
30060,2024-05-30,subscribe
30069,2024-04-23,subscribe
30082,2024-07-03,subscribe
30093,2024-02-12,subscribe
30100,2024-02-25,subscribe
30103,2024-04-23,subscribe
30119,2024-02-26,subscribe
30124,2024-04-12,subscribe
30130,2024-05-12,subscribe
30131,2024-02-09,subscribe
30132,2024-02-05,subscribe
30135,2024-04-11,subscribe
30158,2024-06-15,subscribe
30161,2024-03-17,subscribe
30169,2024-01-27,subscribe
30193,2024-06-20,subscribe
30207,2024-06-20,subscribe
30249,2024-03-14,subscribe
30251,2024-03-10,subscribe
30256,2024-06-30,subscribe
30260,2024-06-17,subscribe
30279,2024-03-06,subscribe
30300,2024-03-18,subscribe
30307,2024-01-31,subscribe
30311,2024-03-11,subscribe
30329,2024-04-20,subscribe
30334,2024-05-27,subscribe
30353,2024-07-03,subscribe
30355,2024-02-04,subscribe
30356,2024-03-10,subscribe
30362,2024-05-18,subscribe
30367,2024-06-24,subscribe
30370,2024-06-24,subscribe
30379,2024-04-18,subscribe
30392,2024-05-19,subscribe
30401,2024-03-09,subscribe
30407,2024-03-27,subscribe
30410,2024-01-20,subscribe
30411,2024-05-29,subscribe
30415,2024-02-13,subscribe
30417,2024-04-03,subscribe
30426,2024-03-29,subscribe
30452,2024-05-05,subscribe
30454,2024-02-14,subscribe
30464,2024-05-19,subscribe
30466,2024-02-18,subscribe
30475,2024-01-22,subscribe
30485,2024-06-13,subscribe
30500,2024-01-25,subscribe
30532,2024-06-01,subscribe
30534,2024-04-23,subscribe
30549,2024-04-18,subscribe
30551,2024-03-17,subscribe
30580,2024-07-07,subscribe
30587,2024-02-11,subscribe
30596,2024-05-19,subscribe
30598,2024-01-15,subscribe
30603,2024-01-05,subscribe
30611,2024-03-24,subscribe
30612,2024-02-21,subscribe
30617,2024-06-02,subscribe
30623,2024-03-10,subscribe
30634,2024-02-14,subscribe
30635,2024-06-09,subscribe
30641,2024-02-18,subscribe
30645,2024-06-24,subscribe
30646,2024-01-23,subscribe
30649,2024-06-08,subscribe
30654,2024-06-06,subscribe
30668,2024-04-13,subscribe
30681,2024-06-09,subscribe
30683,2024-01-07,subscribe
30688,2024-01-08,subscribe
30689,2024-06-15,subscribe
30702,2024-04-25,subscribe
30703,2024-01-07,subscribe
30705,2024-01-10,subscribe
30716,2024-05-27,subscribe
30725,2024-01-16,subscribe
30736,2024-06-24,subscribe
30765,2024-01-23,subscribe
30781,2024-04-18,subscribe
30784,2024-04-20,subscribe
30786,2024-04-16,subscribe
30796,2024-03-03,subscribe
30804,2024-05-17,subscribe
30809,2024-06-01,subscribe
30812,2024-03-09,subscribe
30826,2024-06-28,subscribe
30828,2024-02-07,subscribe
30831,2024-03-23,subscribe
30837,2024-05-27,subscribe
30852,2024-03-20,subscribe
30854,2024-05-22,subscribe
30859,2024-05-09,subscribe
30860,2024-04-26,subscribe
30861,2024-04-05,subscribe
30864,2024-04-19,subscribe
30865,2024-04-16,subscribe
30867,2024-03-04,subscribe
30881,2024-03-22,subscribe
30913,2024-04-28,subscribe
30919,2024-05-24,subscribe
30921,2024-02-02,subscribe
30923,2024-06-22,subscribe
30927,2024-04-06,subscribe
30930,2024-06-06,subscribe
30936,2024-06-10,subscribe
30940,2024-05-05,subscribe
30944,2024-04-07,subscribe
30953,2024-01-30,subscribe
30959,2024-04-30,subscribe
30967,2024-03-24,subscribe
30977,2024-07-01,subscribe
30985,2024-04-25,subscribe
30987,2024-06-22,subscribe
30992,2024-05-23,subscribe
30999,2024-03-10,subscribe
31015,2024-06-12,subscribe
31021,2024-06-09,subscribe
31022,2024-04-18,subscribe
31023,2024-05-27,subscribe
31030,2024-02-26,subscribe
31042,2024-05-05,subscribe
31049,2024-05-12,subscribe
31050,2024-05-28,subscribe
31054,2024-02-11,subscribe
31064,2024-04-24,subscribe
31071,2024-06-26,subscribe
31088,2024-05-04,subscribe
31089,2024-03-12,subscribe
31134,2024-03-15,subscribe
31139,2024-05-16,subscribe
31153,2024-05-27,subscribe
31155,2024-02-06,subscribe
31158,2024-04-05,subscribe
31163,2024-04-11,subscribe
31164,2024-02-15,subscribe
31169,2024-06-19,subscribe
31172,2024-06-08,subscribe
31181,2024-05-23,subscribe
31182,2024-04-15,subscribe
31183,2024-01-14,subscribe
31189,2024-03-28,subscribe
31216,2024-04-03,subscribe
31219,2024-06-03,subscribe
31226,2024-03-14,subscribe
31231,2024-01-21,subscribe
31236,2024-04-15,subscribe
31254,2024-04-11,subscribe
31257,2024-05-04,subscribe
31260,2024-04-20,subscribe
31261,2024-03-24,subscribe
31270,2024-06-13,subscribe
31282,2024-03-05,subscribe
31284,2024-02-18,subscribe
31292,2024-05-22,subscribe
31315,2024-05-20,subscribe
31322,2024-05-19,subscribe
31338,2024-02-19,subscribe
31376,2024-06-16,subscribe
31400,2024-02-26,subscribe
31407,2024-04-19,subscribe
31415,2024-03-01,subscribe
31425,2024-03-09,subscribe
31436,2024-06-18,subscribe
31441,2024-02-09,subscribe
31460,2024-02-20,subscribe
31466,2024-01-23,subscribe
31473,2024-03-01,subscribe
31474,2024-05-16,subscribe
31483,2024-03-18,subscribe
31491,2024-03-05,subscribe
31495,2024-01-29,subscribe
31500,2024-01-25,subscribe
31507,2024-03-08,subscribe
31522,2024-03-24,subscribe
31547,2024-02-11,subscribe
31552,2024-06-11,subscribe
31553,2024-02-03,subscribe
31557,2024-04-07,subscribe
31564,2024-05-02,subscribe
31567,2024-03-19,subscribe
31569,2024-03-18,subscribe
31571,2024-07-01,subscribe
31575,2024-06-21,subscribe
31578,2024-06-03,subscribe
31585,2024-05-26,subscribe
31597,2024-03-30,subscribe
31604,2024-04-02,subscribe
31608,2024-05-06,subscribe
31609,2024-04-18,subscribe
31638,2024-01-31,subscribe
31645,2024-03-06,subscribe
31649,2024-04-08,subscribe
31655,2024-07-05,subscribe
31657,2024-05-27,subscribe
31659,2024-04-27,subscribe
31663,2024-01-27,subscribe
31665,2024-05-15,subscribe
31671,2024-06-09,subscribe
31675,2024-02-09,subscribe
31687,2024-01-28,subscribe
31692,2024-03-07,subscribe
31696,2024-06-26,subscribe
31697,2024-06-27,subscribe
31706,2024-02-05,subscribe
31744,2024-01-14,subscribe
31750,2024-05-28,subscribe
31751,2024-02-01,subscribe
31757,2024-05-01,subscribe
31765,2024-03-12,subscribe
31779,2024-03-09,subscribe
31802,2024-04-09,subscribe
31809,2024-05-18,subscribe
31826,2024-06-05,subscribe
31828,2024-01-08,subscribe
31838,2024-04-16,subscribe
31844,2024-05-28,subscribe
31848,2024-02-02,subscribe
31875,2024-04-26,subscribe
31876,2024-02-15,subscribe
31878,2024-06-08,subscribe
31885,2024-04-01,subscribe
31893,2024-06-16,subscribe
31898,2024-05-01,subscribe
31901,2024-02-09,subscribe
31910,2024-03-17,subscribe
31917,2024-06-20,subscribe
31920,2024-04-29,subscribe
31925,2024-03-15,subscribe
31938,2024-05-14,subscribe
31943,2024-01-24,subscribe
31944,2024-06-06,subscribe
31953,2024-04-25,subscribe
31971,2024-03-09,subscribe
31990,2024-04-19,subscribe
31993,2024-03-03,subscribe
32007,2024-05-17,subscribe
32013,2024-03-18,subscribe
32016,2024-05-05,subscribe
32038,2024-04-27,subscribe
32048,2024-06-26,subscribe
32051,2024-03-09,subscribe
32057,2024-03-15,subscribe
32058,2024-01-26,subscribe
32068,2024-06-11,subscribe
32071,2024-03-22,subscribe
32073,2024-05-26,subscribe
32088,2024-02-13,subscribe
32093,2024-01-26,subscribe
32100,2024-01-25,subscribe
32102,2024-04-11,subscribe
32108,2024-04-20,subscribe
32125,2024-05-11,subscribe
32128,2024-05-16,subscribe
32133,2024-06-23,subscribe
32141,2024-04-10,subscribe
32172,2024-03-16,subscribe
32174,2024-06-05,subscribe
32198,2024-04-25,subscribe
32201,2024-05-20,subscribe
32203,2024-03-19,subscribe
32212,2024-01-17,subscribe
32214,2024-03-01,subscribe
32221,2024-04-16,subscribe
32224,2024-01-19,subscribe
32231,2024-06-25,subscribe
32251,2024-04-20,subscribe
32265,2024-06-28,subscribe
32270,2024-04-27,subscribe
32278,2024-04-17,subscribe
32285,2024-06-02,subscribe
32298,2024-01-05,subscribe
32299,2024-03-04,subscribe
32305,2024-06-13,subscribe
32310,2024-05-25,subscribe
32321,2024-05-14,subscribe
32329,2024-01-22,subscribe
32336,2024-02-21,subscribe
32355,2024-02-12,subscribe
32372,2024-06-10,subscribe
32377,2024-02-02,subscribe
32382,2024-05-19,subscribe
32388,2024-03-12,subscribe
32415,2024-01-23,subscribe
32431,2024-05-13,subscribe
32432,2024-06-24,subscribe
32445,2024-03-12,subscribe
32448,2024-01-19,subscribe
32449,2024-04-19,subscribe
32456,2024-03-18,subscribe
32490,2024-04-28,subscribe
32497,2024-05-06,subscribe
32499,2024-03-25,subscribe
32506,2024-05-16,subscribe
32511,2024-06-14,subscribe
32513,2024-05-20,subscribe
32520,2024-03-29,subscribe
32538,2024-06-24,subscribe
32569,2024-06-29,subscribe
32601,2024-05-07,subscribe
32608,2024-02-01,subscribe
32609,2024-06-15,subscribe
32618,2024-02-14,subscribe
32644,2024-03-18,subscribe
32662,2024-06-09,subscribe
32665,2024-05-02,subscribe
32670,2024-06-30,subscribe
32674,2024-05-14,subscribe
32678,2024-02-13,subscribe
32679,2024-01-13,subscribe
32680,2024-02-28,subscribe
32687,2024-06-11,subscribe
32693,2024-01-20,subscribe
32695,2024-06-30,subscribe
32706,2024-05-21,subscribe
32709,2024-04-20,subscribe
32725,2024-04-29,subscribe
32728,2024-03-17,subscribe
32733,2024-01-25,subscribe
32743,2024-02-16,subscribe
32753,2024-03-02,subscribe
32757,2024-06-06,subscribe
32759,2024-04-20,subscribe
32768,2024-02-25,subscribe
32771,2024-01-30,subscribe
32780,2024-02-21,subscribe
32784,2024-01-23,subscribe
32787,2024-01-30,subscribe
32791,2024-01-10,subscribe
32799,2024-06-08,subscribe
32820,2024-03-24,subscribe
32823,2024-06-03,subscribe
32832,2024-05-11,subscribe
32858,2024-05-06,subscribe
32861,2024-06-24,subscribe
32883,2024-03-17,subscribe
32885,2024-04-28,subscribe
32897,2024-04-19,subscribe
32916,2024-06-22,subscribe
32926,2024-06-13,subscribe
32927,2024-06-25,subscribe
32929,2024-04-29,subscribe
32953,2024-01-23,subscribe
32955,2024-05-12,subscribe
32979,2024-04-09,subscribe
32989,2024-02-23,subscribe
32998,2024-03-02,subscribe
33001,2024-03-02,subscribe
33008,2024-03-27,subscribe
33012,2024-04-18,subscribe
33014,2024-03-04,subscribe
33026,2024-02-29,subscribe
33052,2024-04-10,subscribe
33055,2024-02-25,subscribe
33064,2024-01-23,subscribe
33071,2024-05-15,subscribe
33084,2024-06-10,subscribe
33128,2024-03-18,subscribe
33133,2024-07-03,subscribe
33138,2024-03-03,subscribe
33140,2024-05-12,subscribe
33142,2024-02-19,subscribe
33148,2024-02-15,subscribe
33151,2024-05-14,subscribe
33155,2024-02-19,subscribe
33164,2024-06-11,subscribe
33178,2024-05-31,subscribe
33183,2024-01-18,subscribe
33184,2024-04-19,subscribe
33185,2024-05-25,subscribe
33197,2024-01-22,subscribe
33201,2024-04-25,subscribe
33205,2024-05-09,subscribe
33208,2024-01-29,subscribe
33211,2024-02-23,subscribe
33215,2024-02-21,subscribe
33233,2024-04-05,subscribe
33237,2024-01-27,subscribe
33242,2024-07-01,subscribe
33243,2024-02-06,subscribe
33245,2024-05-30,subscribe
33246,2024-03-01,subscribe
33252,2024-04-21,subscribe
33256,2024-07-04,subscribe
33266,2024-03-13,subscribe
33272,2024-04-30,subscribe
33285,2024-06-12,subscribe
33302,2024-02-01,subscribe
33310,2024-04-18,subscribe
33327,2024-04-07,subscribe
33331,2024-03-08,subscribe
33336,2024-07-09,subscribe
33344,2024-05-16,subscribe
33347,2024-02-03,subscribe
33362,2024-04-28,subscribe
33367,2024-01-26,subscribe
33378,2024-05-12,subscribe
33383,2024-04-25,subscribe
33388,2024-02-22,subscribe
33394,2024-04-20,subscribe
33396,2024-05-10,subscribe
33410,2024-04-25,subscribe
33431,2024-06-07,subscribe
33450,2024-04-06,subscribe
33452,2024-05-10,subscribe
33474,2024-04-22,subscribe
33499,2024-02-26,subscribe
33501,2024-02-23,subscribe
33504,2024-05-08,subscribe
33505,2024-04-26,subscribe
33507,2024-03-10,subscribe
33524,2024-05-04,subscribe
33525,2024-03-25,subscribe
33531,2024-02-29,subscribe
33534,2024-02-04,subscribe
33545,2024-05-18,subscribe
33552,2024-01-21,subscribe
33571,2024-02-16,subscribe
33580,2024-06-02,subscribe
33581,2024-06-22,subscribe
33584,2024-02-21,subscribe
33597,2024-03-11,subscribe
33604,2024-06-09,subscribe
33610,2024-05-02,subscribe
33614,2024-04-20,subscribe
33617,2024-05-29,subscribe
33618,2024-05-26,subscribe
33621,2024-04-09,subscribe
33625,2024-02-18,subscribe
33628,2024-03-21,subscribe
33630,2024-05-08,subscribe
33643,2024-02-08,subscribe
33652,2024-07-06,subscribe
33656,2024-04-21,subscribe
33661,2024-03-02,subscribe
33673,2024-02-23,subscribe
33683,2024-02-29,subscribe
33688,2024-02-11,subscribe
33697,2024-01-11,subscribe
33698,2024-01-13,subscribe
33703,2024-01-29,subscribe
33709,2024-04-10,subscribe
33714,2024-05-13,subscribe
33716,2024-01-30,subscribe
33724,2024-04-15,subscribe
33732,2024-07-03,subscribe
33733,2024-01-11,subscribe
33749,2024-02-12,subscribe
33757,2024-06-09,subscribe
33762,2024-06-25,subscribe
33764,2024-03-07,subscribe
33770,2024-04-19,subscribe
33801,2024-03-31,subscribe
33812,2024-02-05,subscribe
33824,2024-03-11,subscribe
33825,2024-04-10,subscribe
33837,2024-04-03,subscribe
33843,2024-03-27,subscribe
33848,2024-05-28,subscribe
33864,2024-05-20,subscribe
33874,2024-04-20,subscribe
33885,2024-01-16,subscribe
33886,2024-05-13,subscribe
33893,2024-02-03,subscribe
33895,2024-02-27,subscribe
33936,2024-01-16,subscribe
33938,2024-05-11,subscribe
33939,2024-01-14,subscribe
33968,2024-05-06,subscribe
33987,2024-01-26,subscribe
33988,2024-01-15,subscribe
33993,2024-06-20,subscribe
33994,2024-02-29,subscribe
34014,2024-05-19,subscribe
34028,2024-03-08,subscribe
34033,2024-04-07,subscribe
34042,2024-03-30,subscribe
34048,2024-04-01,subscribe
34051,2024-03-18,subscribe
34062,2024-02-12,subscribe
34066,2024-06-06,subscribe
34069,2024-06-09,subscribe
34077,2024-05-28,subscribe
34078,2024-03-04,subscribe
34098,2024-06-18,subscribe
34100,2024-03-23,subscribe
34103,2024-01-31,subscribe
34108,2024-03-07,subscribe
34110,2024-04-15,subscribe
34111,2024-05-13,subscribe
34114,2024-03-13,subscribe
34115,2024-02-23,subscribe
34118,2024-05-12,subscribe
34124,2024-04-18,subscribe
34134,2024-05-15,subscribe
34149,2024-05-27,subscribe
34151,2024-02-23,subscribe
34155,2024-02-02,subscribe
34159,2024-05-05,subscribe
34173,2024-04-22,subscribe
34189,2024-06-01,subscribe
34192,2024-04-22,subscribe
34209,2024-01-20,subscribe
34210,2024-03-19,subscribe
34212,2024-03-17,subscribe
34213,2024-02-19,subscribe
34220,2024-05-16,subscribe
34226,2024-05-28,subscribe
34231,2024-06-13,subscribe
34244,2024-04-19,subscribe
34268,2024-01-10,subscribe
34270,2024-06-19,subscribe
34271,2024-06-06,subscribe
34273,2024-05-22,subscribe
34278,2024-02-12,subscribe
34280,2024-01-28,subscribe
34286,2024-02-23,subscribe
34303,2024-05-06,subscribe
34305,2024-04-01,subscribe
34306,2024-06-10,subscribe
34333,2024-04-05,subscribe
34335,2024-05-05,subscribe
34336,2024-04-06,subscribe
34358,2024-05-12,subscribe
34368,2024-06-05,subscribe
34371,2024-03-26,subscribe
34377,2024-01-08,subscribe
34387,2024-04-30,subscribe
34388,2024-05-13,subscribe
34397,2024-03-26,subscribe
34405,2024-03-08,subscribe
34409,2024-03-01,subscribe
34416,2024-05-18,subscribe
34419,2024-03-29,subscribe
34432,2024-02-29,subscribe
34464,2024-02-04,subscribe
34465,2024-01-19,subscribe
34471,2024-04-10,subscribe
34476,2024-02-04,subscribe
34492,2024-04-04,subscribe
34497,2024-04-15,subscribe
34501,2024-07-05,subscribe
34504,2024-05-21,subscribe
34506,2024-05-14,subscribe
34508,2024-04-18,subscribe
34514,2024-05-23,subscribe
34515,2024-07-02,subscribe
34528,2024-06-02,subscribe
34535,2024-05-11,subscribe
34546,2024-03-19,subscribe
34569,2024-01-22,subscribe
34575,2024-07-09,subscribe
34583,2024-03-14,subscribe
34590,2024-03-11,subscribe
34596,2024-04-02,subscribe
34616,2024-03-04,subscribe
34636,2024-02-22,subscribe
34648,2024-05-06,subscribe
34651,2024-05-31,subscribe
34659,2024-03-13,subscribe
34679,2024-05-06,subscribe
34687,2024-05-19,subscribe
34689,2024-04-23,subscribe
34693,2024-03-28,subscribe
34696,2024-05-04,subscribe
34702,2024-04-04,subscribe
34708,2024-06-08,subscribe
34709,2024-02-04,subscribe
34714,2024-01-27,subscribe
34729,2024-03-24,subscribe
34733,2024-01-25,subscribe
34744,2024-04-12,subscribe
34761,2024-05-19,subscribe
34766,2024-05-05,subscribe
34773,2024-03-11,subscribe
34788,2024-06-07,subscribe
34796,2024-01-26,subscribe
34806,2024-02-05,subscribe
34809,2024-06-05,subscribe
34811,2024-04-12,subscribe
34818,2024-03-02,subscribe
34825,2024-06-25,subscribe
34835,2024-04-01,subscribe
34838,2024-01-20,subscribe
34856,2024-04-01,subscribe
34859,2024-04-09,subscribe
34863,2024-04-30,subscribe
34868,2024-03-10,subscribe
34888,2024-04-30,subscribe
34897,2024-01-29,subscribe
34904,2024-04-21,subscribe
34908,2024-03-31,subscribe
34917,2024-04-24,subscribe
34937,2024-05-14,subscribe
34947,2024-03-19,subscribe
34951,2024-03-17,subscribe
34967,2024-05-13,subscribe
34971,2024-05-20,subscribe
35000,2024-01-07,subscribe
35021,2024-06-24,subscribe
35022,2024-01-15,subscribe
35026,2024-02-20,subscribe
35048,2024-05-18,subscribe
35056,2024-03-17,subscribe
35060,2024-04-12,subscribe
35072,2024-05-03,subscribe
35077,2024-05-09,subscribe
35079,2024-04-28,subscribe
35082,2024-02-12,subscribe
35085,2024-02-10,subscribe
35132,2024-05-17,subscribe
35137,2024-05-11,subscribe
35141,2024-06-21,subscribe
35143,2024-05-19,subscribe
35158,2024-05-26,subscribe
35159,2024-05-17,subscribe
35168,2024-03-25,subscribe
35182,2024-06-29,subscribe
35192,2024-02-14,subscribe
35195,2024-03-07,subscribe
35197,2024-03-03,subscribe
35211,2024-06-02,subscribe
35215,2024-01-28,subscribe
35216,2024-06-12,subscribe
35221,2024-06-19,subscribe
35250,2024-01-31,subscribe
35270,2024-02-25,subscribe
35276,2024-05-03,subscribe
35284,2024-06-04,subscribe
35289,2024-05-10,subscribe
35290,2024-01-22,subscribe
35302,2024-06-16,subscribe
35314,2024-02-02,subscribe
35319,2024-04-05,subscribe
35322,2024-02-08,subscribe
35323,2024-04-30,subscribe
35336,2024-03-25,subscribe
35352,2024-06-08,subscribe
35361,2024-03-13,subscribe
35362,2024-01-16,subscribe
35368,2024-05-25,subscribe
35374,2024-03-05,subscribe
35396,2024-04-12,subscribe
35417,2024-02-23,subscribe
35419,2024-04-27,subscribe
35427,2024-01-19,subscribe
35428,2024-06-22,subscribe
35440,2024-02-06,subscribe
35451,2024-04-28,subscribe
35475,2024-02-21,subscribe
35483,2024-05-10,subscribe
35494,2024-02-16,subscribe
35499,2024-01-24,subscribe
35522,2024-02-26,subscribe
35538,2024-02-17,subscribe
35546,2024-01-31,subscribe
35549,2024-04-10,subscribe
35557,2024-04-20,subscribe
35575,2024-06-09,subscribe
35597,2024-01-10,subscribe
35604,2024-04-18,subscribe
35616,2024-06-09,subscribe
35627,2024-05-26,subscribe
35633,2024-06-16,subscribe
35642,2024-04-14,subscribe
35651,2024-05-30,subscribe
35652,2024-06-02,subscribe
35657,2024-04-03,subscribe
35660,2024-05-12,subscribe
35682,2024-05-28,subscribe
35683,2024-02-12,subscribe
35692,2024-04-01,subscribe
35694,2024-06-10,subscribe
35695,2024-05-02,subscribe
35714,2024-05-18,subscribe
35725,2024-03-26,subscribe
35738,2024-03-02,subscribe
35739,2024-05-19,subscribe
35752,2024-03-03,subscribe
35765,2024-02-21,subscribe
35772,2024-02-17,subscribe
35786,2024-06-16,subscribe
35792,2024-02-27,subscribe
35814,2024-04-08,subscribe
35818,2024-05-06,subscribe
35827,2024-02-13,subscribe
35830,2024-04-10,subscribe
35833,2024-05-19,subscribe
35847,2024-05-28,subscribe
35849,2024-01-06,subscribe
35851,2024-02-07,subscribe
35867,2024-04-24,subscribe
35873,2024-04-06,subscribe
35875,2024-04-01,subscribe
35884,2024-02-13,subscribe
35891,2024-02-14,subscribe
35906,2024-01-11,subscribe
35908,2024-05-27,subscribe
35919,2024-04-24,subscribe
35920,2024-05-05,subscribe
35935,2024-06-20,subscribe
35942,2024-03-14,subscribe
35949,2024-02-21,subscribe
35950,2024-03-01,subscribe
35953,2024-04-23,subscribe
35960,2024-05-16,subscribe
35987,2024-03-11,subscribe
35993,2024-06-12,subscribe
35996,2024-04-06,subscribe
35999,2024-04-14,subscribe
36013,2024-07-11,subscribe
36019,2024-03-10,subscribe
36022,2024-02-17,subscribe
36028,2024-04-15,subscribe
36039,2024-04-26,subscribe
36058,2024-01-06,subscribe
36061,2024-06-19,subscribe
36065,2024-01-26,subscribe
36069,2024-05-18,subscribe
36070,2024-06-05,subscribe
36076,2024-01-31,subscribe
36078,2024-06-25,subscribe
36094,2024-02-11,subscribe
36112,2024-02-28,subscribe
36121,2024-01-14,subscribe
36125,2024-06-24,subscribe
36149,2024-04-06,subscribe
36153,2024-03-21,subscribe
36158,2024-02-22,subscribe
36160,2024-01-22,subscribe
36179,2024-01-09,subscribe
36195,2024-06-10,subscribe
36206,2024-06-04,subscribe
36207,2024-01-19,subscribe
36209,2024-04-14,subscribe
36231,2024-01-15,subscribe
36252,2024-03-07,subscribe
36268,2024-06-12,subscribe
36284,2024-04-23,subscribe
36305,2024-06-22,subscribe
36313,2024-04-07,subscribe
36318,2024-05-11,subscribe
36325,2024-02-19,subscribe
36330,2024-01-29,subscribe
36355,2024-05-09,subscribe
36356,2024-03-10,subscribe
36357,2024-07-08,subscribe
36365,2024-06-20,subscribe
36366,2024-04-16,subscribe
36367,2024-02-02,subscribe
36368,2024-02-12,subscribe
36371,2024-05-12,subscribe
36382,2024-06-19,subscribe
36387,2024-04-17,subscribe
36408,2024-02-06,subscribe
36413,2024-05-13,subscribe
36415,2024-03-30,subscribe
36422,2024-02-17,subscribe
36425,2024-05-07,subscribe
36440,2024-04-10,subscribe
36445,2024-04-09,subscribe
36450,2024-06-11,subscribe
36452,2024-07-04,subscribe
36455,2024-04-17,subscribe
36465,2024-07-04,subscribe
36471,2024-03-05,subscribe
36472,2024-01-14,subscribe
36477,2024-03-28,subscribe
36485,2024-04-12,subscribe
36494,2024-01-30,subscribe
36496,2024-05-19,subscribe
36512,2024-02-18,subscribe
36531,2024-06-15,subscribe
36542,2024-03-12,subscribe
36567,2024-06-11,subscribe
36572,2024-02-08,subscribe
36573,2024-03-25,subscribe
36577,2024-05-27,subscribe
36582,2024-03-01,subscribe
36584,2024-04-03,subscribe
36592,2024-05-21,subscribe
36608,2024-04-07,subscribe
36616,2024-06-03,subscribe
36618,2024-03-01,subscribe
36624,2024-03-29,subscribe
36626,2024-02-10,subscribe
36628,2024-01-30,subscribe
36646,2024-01-27,subscribe
36647,2024-06-30,subscribe
36648,2024-06-16,subscribe
36662,2024-04-13,subscribe
36663,2024-01-20,subscribe
36690,2024-06-17,subscribe
36696,2024-02-14,subscribe
36724,2024-01-29,subscribe
36725,2024-02-27,subscribe
36749,2024-03-02,subscribe
36789,2024-04-14,subscribe
36797,2024-05-03,subscribe
36800,2024-05-24,subscribe
36810,2024-05-22,subscribe
36820,2024-04-03,subscribe
36841,2024-01-30,subscribe
36877,2024-05-11,subscribe
36878,2024-01-23,subscribe
36894,2024-02-03,subscribe
36896,2024-05-03,subscribe
36901,2024-03-22,subscribe
36902,2024-04-04,subscribe
36923,2024-03-09,subscribe
36928,2024-02-09,subscribe
36938,2024-04-22,subscribe
36940,2024-02-01,subscribe
36949,2024-06-23,subscribe
36960,2024-05-20,subscribe
36979,2024-04-29,subscribe
36980,2024-04-15,subscribe
36985,2024-03-23,subscribe
36987,2024-04-14,subscribe
36997,2024-03-03,subscribe
37012,2024-06-15,subscribe
37013,2024-01-18,subscribe
37021,2024-05-08,subscribe
37024,2024-04-13,subscribe
37049,2024-02-23,subscribe
37050,2024-05-18,subscribe
37052,2024-01-26,subscribe
37067,2024-03-14,subscribe
37076,2024-05-31,subscribe
37089,2024-04-10,subscribe
37096,2024-05-27,subscribe
37117,2024-07-09,subscribe
37124,2024-03-19,subscribe
37126,2024-05-27,subscribe
37129,2024-03-01,subscribe
37136,2024-06-04,subscribe
37140,2024-05-29,subscribe
37142,2024-02-11,subscribe
37144,2024-02-11,subscribe
37145,2024-05-03,subscribe
37153,2024-02-15,subscribe
37155,2024-04-15,subscribe
37156,2024-03-19,subscribe
37158,2024-04-27,subscribe
37159,2024-05-03,subscribe
37166,2024-05-29,subscribe
37168,2024-05-04,subscribe
37174,2024-03-07,subscribe
37176,2024-04-28,subscribe
37188,2024-05-10,subscribe
37194,2024-06-12,subscribe
37196,2024-02-24,subscribe
37206,2024-06-13,subscribe
37248,2024-05-19,subscribe
37260,2024-06-06,subscribe
37261,2024-05-08,subscribe
37267,2024-03-01,subscribe
37272,2024-03-08,subscribe
37273,2024-06-11,subscribe
37288,2024-04-26,subscribe
37301,2024-02-16,subscribe
37302,2024-02-12,subscribe
37316,2024-01-25,subscribe
37324,2024-01-24,subscribe
37326,2024-04-21,subscribe
37335,2024-01-22,subscribe
37339,2024-04-18,subscribe
37344,2024-04-17,subscribe
37346,2024-01-16,subscribe
37352,2024-04-02,subscribe
37363,2024-06-27,subscribe
37366,2024-05-10,subscribe
37372,2024-02-26,subscribe
37374,2024-04-18,subscribe
37386,2024-05-04,subscribe
37392,2024-01-17,subscribe
37423,2024-03-14,subscribe
37440,2024-04-06,subscribe
37441,2024-03-23,subscribe
37449,2024-02-15,subscribe
37457,2024-03-16,subscribe
37475,2024-06-29,subscribe
37478,2024-04-03,subscribe
37480,2024-01-24,subscribe
37485,2024-03-28,subscribe
37496,2024-01-28,subscribe
37502,2024-03-16,subscribe
37503,2024-03-29,subscribe
37524,2024-01-15,subscribe
37527,2024-04-27,subscribe
37531,2024-04-24,subscribe
37545,2024-04-27,subscribe
37562,2024-04-02,subscribe
37563,2024-05-19,subscribe
37575,2024-01-15,subscribe
37577,2024-06-27,subscribe
37580,2024-06-26,subscribe
37581,2024-02-07,subscribe
37582,2024-01-23,subscribe
37588,2024-04-18,subscribe
37603,2024-03-19,subscribe
37610,2024-01-19,subscribe
37619,2024-06-18,subscribe
37639,2024-02-12,subscribe
37649,2024-04-20,subscribe
37652,2024-02-10,subscribe
37653,2024-02-02,subscribe
37655,2024-02-08,subscribe
37670,2024-04-24,subscribe
37674,2024-02-02,subscribe
37679,2024-03-15,subscribe
37685,2024-07-11,subscribe
37704,2024-06-10,subscribe
37723,2024-05-19,subscribe
37740,2024-05-15,subscribe
37748,2024-06-23,subscribe
37752,2024-01-17,subscribe
37757,2024-05-16,subscribe
37760,2024-03-05,subscribe
37765,2024-02-18,subscribe
37780,2024-02-28,subscribe
37806,2024-03-25,subscribe
37823,2024-01-14,subscribe
37844,2024-01-22,subscribe
37848,2024-01-20,subscribe
37849,2024-06-16,subscribe
37851,2024-02-29,subscribe
37856,2024-02-22,subscribe
37884,2024-05-31,subscribe
37907,2024-02-15,subscribe
37910,2024-03-18,subscribe
37912,2024-06-14,subscribe
37939,2024-05-18,subscribe
37952,2024-03-21,subscribe
37958,2024-05-16,subscribe
37972,2024-02-29,subscribe
37975,2024-03-13,subscribe
37997,2024-03-25,subscribe
38009,2024-04-29,subscribe
38010,2024-02-16,subscribe
38043,2024-06-24,subscribe
38053,2024-05-15,subscribe
38083,2024-05-01,subscribe
38088,2024-03-29,subscribe
38095,2024-04-06,subscribe
38097,2024-03-08,subscribe
38105,2024-04-25,subscribe
38116,2024-05-24,subscribe
38125,2024-04-09,subscribe
38127,2024-04-23,subscribe
38133,2024-06-04,subscribe
38134,2024-05-17,subscribe
38136,2024-06-16,subscribe
38156,2024-06-16,subscribe
38159,2024-01-21,subscribe
38162,2024-04-12,subscribe
38215,2024-04-07,subscribe
38225,2024-01-22,subscribe
38240,2024-05-13,subscribe
38250,2024-01-30,subscribe
38257,2024-04-15,subscribe
38261,2024-06-13,subscribe
38262,2024-02-19,subscribe
38264,2024-02-10,subscribe
38284,2024-03-03,subscribe
38286,2024-04-14,subscribe
38299,2024-06-10,subscribe
38306,2024-03-25,subscribe
38312,2024-03-17,subscribe
38319,2024-05-26,subscribe
38341,2024-02-09,subscribe
38344,2024-05-02,subscribe
38360,2024-05-19,subscribe
38370,2024-06-13,subscribe
38381,2024-04-21,subscribe
38390,2024-05-16,subscribe
38391,2024-07-08,subscribe
38398,2024-06-09,subscribe
38402,2024-05-11,subscribe
38406,2024-03-16,subscribe
38427,2024-02-23,subscribe
38433,2024-04-04,subscribe
38441,2024-04-23,subscribe
38461,2024-04-14,subscribe
38483,2024-04-06,subscribe
38495,2024-05-18,subscribe
38496,2024-06-24,subscribe
38504,2024-02-27,subscribe
38523,2024-05-28,subscribe
38525,2024-01-31,subscribe
38534,2024-02-18,subscribe
38555,2024-03-26,subscribe
38559,2024-05-30,subscribe
38565,2024-04-23,subscribe
38577,2024-03-31,subscribe
38582,2024-02-24,subscribe
38594,2024-05-13,subscribe
38646,2024-02-19,subscribe
38648,2024-05-09,subscribe
38651,2024-03-27,subscribe
38659,2024-05-13,subscribe
38667,2024-04-28,subscribe
38680,2024-03-07,subscribe
38684,2024-05-18,subscribe
38687,2024-01-06,subscribe
38688,2024-06-12,subscribe
38695,2024-06-13,subscribe
38715,2024-01-17,subscribe
38718,2024-02-05,subscribe
38732,2024-01-28,subscribe
38742,2024-06-02,subscribe
38744,2024-04-13,subscribe
38751,2024-05-16,subscribe
38752,2024-06-28,subscribe
38753,2024-06-14,subscribe
38755,2024-06-20,subscribe
38758,2024-03-18,subscribe
38772,2024-02-24,subscribe
38780,2024-05-21,subscribe
38792,2024-03-19,subscribe
38796,2024-06-06,subscribe
38811,2024-04-21,subscribe
38812,2024-01-17,subscribe
38814,2024-04-16,subscribe
38826,2024-01-15,subscribe
38839,2024-06-24,subscribe
38842,2024-07-11,subscribe
38847,2024-06-05,subscribe
38855,2024-06-22,subscribe
38861,2024-06-15,subscribe
38876,2024-03-10,subscribe
38884,2024-03-17,subscribe
38890,2024-05-25,subscribe
38893,2024-05-03,subscribe
38894,2024-02-01,subscribe
38900,2024-02-09,subscribe
38907,2024-05-05,subscribe
38911,2024-06-18,subscribe
38915,2024-06-12,subscribe
38919,2024-04-04,subscribe
38920,2024-05-15,subscribe
38921,2024-04-18,subscribe
38931,2024-04-05,subscribe
38932,2024-03-30,subscribe
38950,2024-02-03,subscribe
38953,2024-03-08,subscribe
38956,2024-04-03,subscribe
38959,2024-03-14,subscribe
38966,2024-06-29,subscribe
38968,2024-07-02,subscribe
38977,2024-01-29,subscribe
39007,2024-05-22,subscribe
39055,2024-06-05,subscribe
39064,2024-04-15,subscribe
39068,2024-04-01,subscribe
39091,2024-05-19,subscribe
39112,2024-01-31,subscribe
39143,2024-01-26,subscribe
39148,2024-02-12,subscribe
39156,2024-03-30,subscribe
39159,2024-06-09,subscribe
39166,2024-05-16,subscribe
39172,2024-07-09,subscribe
39176,2024-06-28,subscribe
39181,2024-02-22,subscribe
39182,2024-07-02,subscribe
39187,2024-05-09,subscribe
39188,2024-03-07,subscribe
39194,2024-06-12,subscribe
39197,2024-04-04,subscribe
39210,2024-02-03,subscribe
39217,2024-01-23,subscribe
39220,2024-01-23,subscribe
39222,2024-04-25,subscribe
39223,2024-02-02,subscribe
39229,2024-03-02,subscribe
39232,2024-02-19,subscribe
39233,2024-06-22,subscribe
39241,2024-03-16,subscribe
39262,2024-06-17,subscribe
39273,2024-05-13,subscribe
39275,2024-04-14,subscribe
39284,2024-03-21,subscribe
39291,2024-06-02,subscribe
39294,2024-04-25,subscribe
39304,2024-06-06,subscribe
39307,2024-05-22,subscribe
39314,2024-04-02,subscribe
39326,2024-05-26,subscribe
39327,2024-03-25,subscribe
39345,2024-04-12,subscribe
39352,2024-03-01,subscribe
39367,2024-02-15,subscribe
39370,2024-02-07,subscribe
39377,2024-03-02,subscribe
39381,2024-02-13,subscribe
39404,2024-03-18,subscribe
39415,2024-02-16,subscribe
39440,2024-05-08,subscribe
39449,2024-05-08,subscribe
39450,2024-03-19,subscribe
39453,2024-06-11,subscribe
39457,2024-02-26,subscribe
39503,2024-06-27,subscribe
39513,2024-04-08,subscribe
39520,2024-04-15,subscribe
39524,2024-06-17,subscribe
39548,2024-01-29,subscribe
39561,2024-01-12,subscribe
39575,2024-06-04,subscribe
39576,2024-04-20,subscribe
39580,2024-02-25,subscribe
39584,2024-02-08,subscribe
39619,2024-02-08,subscribe
39630,2024-03-22,subscribe
39632,2024-06-30,subscribe
39635,2024-03-31,subscribe
39643,2024-02-13,subscribe
39669,2024-05-06,subscribe
39670,2024-06-03,subscribe
39677,2024-06-10,subscribe
39678,2024-06-15,subscribe
39683,2024-03-02,subscribe
39686,2024-02-22,subscribe
39687,2024-03-29,subscribe
39701,2024-05-10,subscribe
39714,2024-03-12,subscribe
39719,2024-06-29,subscribe
39727,2024-03-11,subscribe
39728,2024-01-14,subscribe
39730,2024-04-26,subscribe
39733,2024-02-07,subscribe
39736,2024-05-11,subscribe
39771,2024-07-04,subscribe
39773,2024-04-12,subscribe
39777,2024-04-17,subscribe
39779,2024-05-30,subscribe
39826,2024-04-03,subscribe
39842,2024-02-03,subscribe
39850,2024-03-10,subscribe
39853,2024-02-06,subscribe
39861,2024-06-18,subscribe
39866,2024-04-22,subscribe
39868,2024-05-12,subscribe
39893,2024-06-22,subscribe
39917,2024-04-15,subscribe
39920,2024-05-10,subscribe
39923,2024-06-15,subscribe
39929,2024-05-06,subscribe
39931,2024-04-29,subscribe
39933,2024-07-02,subscribe
39940,2024-04-13,subscribe
39947,2024-04-19,subscribe
39949,2024-03-01,subscribe
39960,2024-04-28,subscribe
39973,2024-05-01,subscribe
39978,2024-03-26,subscribe
39982,2024-06-28,subscribe
39984,2024-02-10,subscribe
39985,2024-01-15,subscribe
39996,2024-05-31,subscribe
40021,2024-06-11,subscribe
40028,2024-02-16,subscribe
40034,2024-01-27,subscribe
40044,2024-03-11,subscribe
40047,2024-05-11,subscribe
40048,2024-06-05,subscribe
40062,2024-03-01,subscribe
40063,2024-03-28,subscribe
40092,2024-02-28,subscribe
40110,2024-04-13,subscribe
40126,2024-02-21,subscribe
40128,2024-03-25,subscribe
40130,2024-01-30,subscribe
40132,2024-02-09,subscribe
40141,2024-03-08,subscribe
40142,2024-05-24,subscribe
40144,2024-03-27,subscribe
40145,2024-03-09,subscribe
40147,2024-03-09,subscribe
40153,2024-03-11,subscribe
40182,2024-05-21,subscribe
40196,2024-02-24,subscribe
40207,2024-06-21,subscribe
40222,2024-01-20,subscribe
40250,2024-04-05,subscribe
40256,2024-03-26,subscribe
40258,2024-05-17,subscribe
40259,2024-05-10,subscribe
40267,2024-02-19,subscribe
40268,2024-04-20,subscribe
40269,2024-01-30,subscribe
40274,2024-06-27,subscribe
40281,2024-04-21,subscribe
40286,2024-01-29,subscribe
40288,2024-03-23,subscribe
40296,2024-06-13,subscribe
40305,2024-04-22,subscribe
40309,2024-03-07,subscribe
40315,2024-06-13,subscribe
40318,2024-06-14,subscribe
40343,2024-02-06,subscribe
40353,2024-07-06,subscribe
40356,2024-06-27,subscribe
40360,2024-05-14,subscribe
40366,2024-04-15,subscribe
40376,2024-02-01,subscribe
40382,2024-01-09,subscribe
40406,2024-03-13,subscribe
40409,2024-06-09,subscribe
40434,2024-04-12,subscribe
40459,2024-04-14,subscribe
40466,2024-05-13,subscribe
40487,2024-05-02,subscribe
40492,2024-01-06,subscribe
40493,2024-05-30,subscribe
40498,2024-03-25,subscribe
40511,2024-05-14,subscribe
40516,2024-02-25,subscribe
40519,2024-01-16,subscribe
40526,2024-03-13,subscribe
40532,2024-04-27,subscribe
40566,2024-06-27,subscribe
40571,2024-02-29,subscribe
40579,2024-06-05,subscribe
40583,2024-01-14,subscribe
40594,2024-03-20,subscribe
40598,2024-05-23,subscribe
40604,2024-06-27,subscribe
40605,2024-03-26,subscribe
40606,2024-04-24,subscribe
40607,2024-02-29,subscribe
40612,2024-04-10,subscribe
40616,2024-02-07,subscribe
40633,2024-06-14,subscribe
40641,2024-04-04,subscribe
40644,2024-03-22,subscribe
40645,2024-01-08,subscribe
40653,2024-03-04,subscribe
40665,2024-05-27,subscribe
40671,2024-04-09,subscribe
40682,2024-02-14,subscribe
40743,2024-05-18,subscribe
40751,2024-05-04,subscribe
40752,2024-03-08,subscribe
40761,2024-06-16,subscribe
40773,2024-04-28,subscribe
40781,2024-05-10,subscribe
40789,2024-07-01,subscribe
40791,2024-03-11,subscribe
40792,2024-03-17,subscribe
40806,2024-06-07,subscribe
40822,2024-05-08,subscribe
40824,2024-03-13,subscribe
40829,2024-02-04,subscribe
40848,2024-04-23,subscribe
40851,2024-06-12,subscribe
40853,2024-06-04,subscribe
40854,2024-01-30,subscribe
40863,2024-06-01,subscribe
40871,2024-06-20,subscribe
40886,2024-03-09,subscribe
40889,2024-04-02,subscribe
40892,2024-03-01,subscribe
40910,2024-02-13,subscribe
40912,2024-03-02,subscribe
40918,2024-04-09,subscribe
40923,2024-05-07,subscribe
40926,2024-05-10,subscribe
40951,2024-02-01,subscribe
40952,2024-01-18,subscribe
40958,2024-04-12,subscribe
40964,2024-03-31,subscribe
40971,2024-05-16,subscribe
40975,2024-05-28,subscribe
40984,2024-05-04,subscribe
40997,2024-03-03,subscribe
41000,2024-06-11,subscribe
41004,2024-05-30,subscribe
41007,2024-01-30,subscribe
41009,2024-02-20,subscribe
41017,2024-05-29,subscribe
41023,2024-02-16,subscribe
41030,2024-03-19,subscribe
41043,2024-03-18,subscribe
41047,2024-04-24,subscribe
41053,2024-03-18,subscribe
41070,2024-04-28,subscribe
41071,2024-01-06,subscribe
41078,2024-04-08,subscribe
41084,2024-03-19,subscribe
41088,2024-06-03,subscribe
41091,2024-06-26,subscribe
41102,2024-04-10,subscribe
41106,2024-02-11,subscribe
41115,2024-05-23,subscribe
41137,2024-04-09,subscribe
41158,2024-02-11,subscribe
41170,2024-05-27,subscribe
41171,2024-06-30,subscribe
41184,2024-01-29,subscribe
41207,2024-03-14,subscribe
41212,2024-04-22,subscribe
41224,2024-06-27,subscribe
41225,2024-01-25,subscribe
41229,2024-03-27,subscribe
41267,2024-03-25,subscribe
41271,2024-01-05,subscribe
41280,2024-04-05,subscribe
41286,2024-06-09,subscribe
41295,2024-05-28,subscribe
41300,2024-03-15,subscribe
41308,2024-02-06,subscribe
41309,2024-02-28,subscribe
41339,2024-07-03,subscribe
41350,2024-04-22,subscribe
41353,2024-04-30,subscribe
41365,2024-03-23,subscribe
41383,2024-05-13,subscribe
41389,2024-01-03,subscribe
41390,2024-05-05,subscribe
41399,2024-05-03,subscribe
41403,2024-05-17,subscribe
41413,2024-04-09,subscribe
41416,2024-06-06,subscribe
41419,2024-04-26,subscribe
41431,2024-06-29,subscribe
41438,2024-06-22,subscribe
41450,2024-01-31,subscribe
41469,2024-04-18,subscribe
41473,2024-03-06,subscribe
41478,2024-04-24,subscribe
41483,2024-01-17,subscribe
41486,2024-05-30,subscribe
41489,2024-03-24,subscribe
41493,2024-04-01,subscribe
41494,2024-03-08,subscribe
41505,2024-04-05,subscribe
41538,2024-05-01,subscribe
41543,2024-02-17,subscribe
41551,2024-05-23,subscribe
41576,2024-03-14,subscribe
41613,2024-03-07,subscribe
41634,2024-06-25,subscribe
41658,2024-02-19,subscribe
41664,2024-02-26,subscribe
41679,2024-02-24,subscribe
41682,2024-01-09,subscribe
41703,2024-02-22,subscribe
41711,2024-03-30,subscribe
41721,2024-02-22,subscribe
41729,2024-02-13,subscribe
41738,2024-06-19,subscribe
41751,2024-04-02,subscribe
41754,2024-05-29,subscribe
41758,2024-04-10,subscribe
41764,2024-06-27,subscribe
41768,2024-04-13,subscribe
41770,2024-05-22,subscribe
41800,2024-01-18,subscribe
41802,2024-06-29,subscribe
41808,2024-01-17,subscribe
41817,2024-03-08,subscribe
41835,2024-05-20,subscribe
41841,2024-05-24,subscribe
41855,2024-05-21,subscribe
41865,2024-05-16,subscribe
41872,2024-03-02,subscribe
41874,2024-05-11,subscribe
41883,2024-04-02,subscribe
41886,2024-04-27,subscribe
41887,2024-02-27,subscribe
41891,2024-01-29,subscribe
41893,2024-06-29,subscribe
41896,2024-06-29,subscribe
41902,2024-06-18,subscribe
41904,2024-04-24,subscribe
41956,2024-06-10,subscribe
41977,2024-05-11,subscribe
42008,2024-02-20,subscribe
42015,2024-02-11,subscribe
42029,2024-02-21,subscribe
42037,2024-02-23,subscribe
42040,2024-03-11,subscribe
42046,2024-03-28,subscribe
42049,2024-03-31,subscribe
42052,2024-03-23,subscribe
42057,2024-05-09,subscribe
42062,2024-06-12,subscribe
42072,2024-02-26,subscribe
42076,2024-06-11,subscribe
42086,2024-03-17,subscribe
42126,2024-02-02,subscribe
42142,2024-05-10,subscribe
42151,2024-04-19,subscribe
42153,2024-05-01,subscribe
42159,2024-05-19,subscribe
42160,2024-03-04,subscribe
42162,2024-06-10,subscribe
42171,2024-06-19,subscribe
42178,2024-04-11,subscribe
42201,2024-04-11,subscribe
42208,2024-05-03,subscribe
42228,2024-05-22,subscribe
42234,2024-02-08,subscribe
42236,2024-04-03,subscribe
42239,2024-06-23,subscribe
42251,2024-02-04,subscribe
42274,2024-02-04,subscribe
42284,2024-04-24,subscribe
42289,2024-04-02,subscribe
42294,2024-03-29,subscribe
42306,2024-05-28,subscribe
42308,2024-02-01,subscribe
42319,2024-04-28,subscribe
42320,2024-04-16,subscribe
42341,2024-02-11,subscribe
42348,2024-06-22,subscribe
42354,2024-02-23,subscribe
42371,2024-01-14,subscribe
42387,2024-06-26,subscribe
42395,2024-05-23,subscribe
42408,2024-03-11,subscribe
42413,2024-01-07,subscribe
42418,2024-04-19,subscribe
42439,2024-02-25,subscribe
42454,2024-03-14,subscribe
42462,2024-03-01,subscribe
42481,2024-06-01,subscribe
42487,2024-06-05,subscribe
42489,2024-03-20,subscribe
42491,2024-05-09,subscribe
42499,2024-03-29,subscribe
42507,2024-02-29,subscribe
42526,2024-01-12,subscribe
42536,2024-01-22,subscribe
42546,2024-04-18,subscribe
42550,2024-05-17,subscribe
42559,2024-02-27,subscribe
42569,2024-01-15,subscribe
42580,2024-04-03,subscribe
42589,2024-05-24,subscribe
42592,2024-06-24,subscribe
42593,2024-06-20,subscribe
42600,2024-04-23,subscribe
42607,2024-05-07,subscribe
42633,2024-07-07,subscribe
42642,2024-01-26,subscribe
42655,2024-06-11,subscribe
42679,2024-06-09,subscribe
42684,2024-06-01,subscribe
42688,2024-04-24,subscribe
42690,2024-02-10,subscribe
42704,2024-01-09,subscribe
42705,2024-05-21,subscribe
42708,2024-01-26,subscribe
42712,2024-06-14,subscribe
42723,2024-01-23,subscribe
42724,2024-06-20,subscribe
42726,2024-02-18,subscribe
42731,2024-07-08,subscribe
42736,2024-02-04,subscribe
42741,2024-04-05,subscribe
42759,2024-02-03,subscribe
42762,2024-03-10,subscribe
42784,2024-06-19,subscribe
42794,2024-01-14,subscribe
42804,2024-06-01,subscribe
42827,2024-01-21,subscribe
42832,2024-05-26,subscribe
42842,2024-04-21,subscribe
42857,2024-02-24,subscribe
42858,2024-01-28,subscribe
42874,2024-02-10,subscribe
42878,2024-06-01,subscribe
42888,2024-07-03,subscribe
42899,2024-03-27,subscribe
42901,2024-06-02,subscribe
42916,2024-02-12,subscribe
42918,2024-06-27,subscribe
42940,2024-05-03,subscribe
42950,2024-04-01,subscribe
42956,2024-03-12,subscribe
42966,2024-04-24,subscribe
42977,2024-02-25,subscribe
42979,2024-01-12,subscribe
43005,2024-01-10,subscribe
43011,2024-03-27,subscribe
43020,2024-04-07,subscribe
43021,2024-01-15,subscribe
43023,2024-05-15,subscribe
43024,2024-01-19,subscribe
43044,2024-03-05,subscribe
43053,2024-06-27,subscribe
43059,2024-03-03,subscribe
43076,2024-06-14,subscribe
43098,2024-06-27,subscribe
43109,2024-02-11,subscribe
43122,2024-03-11,subscribe
43127,2024-02-04,subscribe
43132,2024-04-26,subscribe
43141,2024-02-25,subscribe
43145,2024-02-17,subscribe
43152,2024-03-21,subscribe
43158,2024-04-27,subscribe
43174,2024-04-10,subscribe
43184,2024-06-18,subscribe
43187,2024-06-09,subscribe
43201,2024-01-30,subscribe
43224,2024-05-04,subscribe
43229,2024-05-29,subscribe
43250,2024-04-10,subscribe
43258,2024-05-24,subscribe
43261,2024-02-11,subscribe
43267,2024-05-24,subscribe
43271,2024-03-06,subscribe
43274,2024-03-28,subscribe
43276,2024-07-02,subscribe
43280,2024-03-01,subscribe
43284,2024-05-25,subscribe
43290,2024-06-16,subscribe
43309,2024-04-10,subscribe
43313,2024-07-10,subscribe
43317,2024-04-07,subscribe
43328,2024-06-05,subscribe
43343,2024-06-29,subscribe
43345,2024-05-06,subscribe
43351,2024-04-03,subscribe
43353,2024-05-14,subscribe
43354,2024-01-08,subscribe
43356,2024-02-06,subscribe
43362,2024-04-20,subscribe
43364,2024-02-11,subscribe
43365,2024-05-03,subscribe
43374,2024-01-15,subscribe
43376,2024-01-22,subscribe
43394,2024-05-21,subscribe
43404,2024-04-13,subscribe
43408,2024-06-20,subscribe
43413,2024-02-02,subscribe
43440,2024-03-07,subscribe
43443,2024-02-01,subscribe
43450,2024-03-24,subscribe
43479,2024-02-22,subscribe
43486,2024-03-11,subscribe
43489,2024-01-24,subscribe
43504,2024-04-01,subscribe
43507,2024-03-13,subscribe
43517,2024-04-09,subscribe
43530,2024-05-01,subscribe
43536,2024-01-24,subscribe
43543,2024-04-11,subscribe
43545,2024-02-15,subscribe
43579,2024-05-31,subscribe
43581,2024-04-10,subscribe
43585,2024-06-21,subscribe
43588,2024-04-22,subscribe
43598,2024-05-19,subscribe
43612,2024-01-16,subscribe
43621,2024-05-16,subscribe
43624,2024-04-21,subscribe
43626,2024-02-06,subscribe
43646,2024-05-25,subscribe
43666,2024-01-18,subscribe
43668,2024-04-23,subscribe
43698,2024-04-26,subscribe
43709,2024-04-18,subscribe
43724,2024-06-15,subscribe
43725,2024-01-15,subscribe
43727,2024-02-15,subscribe
43735,2024-03-02,subscribe
43738,2024-03-12,subscribe
43744,2024-04-27,subscribe
43750,2024-03-06,subscribe
43782,2024-04-04,subscribe
43788,2024-04-03,subscribe
43815,2024-01-25,subscribe
43826,2024-05-07,subscribe
43842,2024-01-12,subscribe
43864,2024-02-04,subscribe
43868,2024-05-03,subscribe
43879,2024-07-01,subscribe
43882,2024-01-27,subscribe
43895,2024-04-24,subscribe
43899,2024-05-02,subscribe
43925,2024-03-16,subscribe
43929,2024-05-04,subscribe
43936,2024-03-15,subscribe
43937,2024-02-12,subscribe
43938,2024-03-28,subscribe
43939,2024-04-19,subscribe
43941,2024-04-07,subscribe
43944,2024-03-05,subscribe
43950,2024-05-09,subscribe
43956,2024-05-12,subscribe
43968,2024-05-08,subscribe
43969,2024-03-09,subscribe
43978,2024-03-20,subscribe
43994,2024-01-30,subscribe
44000,2024-04-18,subscribe
44007,2024-04-06,subscribe
44018,2024-03-03,subscribe
44020,2024-05-09,subscribe
44021,2024-04-01,subscribe
44027,2024-01-14,subscribe
44031,2024-05-26,subscribe
44044,2024-05-30,subscribe
44069,2024-06-03,subscribe
44071,2024-05-27,subscribe
44074,2024-02-01,subscribe
44076,2024-01-31,subscribe
44081,2024-04-18,subscribe
44089,2024-06-20,subscribe
44099,2024-05-13,subscribe
44105,2024-03-10,subscribe
44118,2024-04-26,subscribe
44123,2024-03-06,subscribe
44137,2024-03-09,subscribe
44138,2024-02-26,subscribe
44139,2024-04-29,subscribe
44158,2024-01-22,subscribe
44165,2024-02-01,subscribe
44166,2024-03-06,subscribe
44171,2024-02-13,subscribe
44176,2024-06-23,subscribe
44186,2024-03-13,subscribe
44190,2024-04-14,subscribe
44191,2024-03-10,subscribe
44196,2024-04-19,subscribe
44202,2024-02-16,subscribe
44205,2024-05-01,subscribe
44216,2024-03-07,subscribe
44217,2024-05-17,subscribe
44221,2024-02-04,subscribe
44224,2024-05-13,subscribe
44229,2024-06-05,subscribe
44232,2024-01-28,subscribe
44239,2024-03-04,subscribe
44245,2024-06-03,subscribe
44246,2024-06-04,subscribe
44257,2024-03-11,subscribe
44259,2024-03-15,subscribe
44300,2024-02-24,subscribe
44301,2024-05-27,subscribe
44314,2024-04-16,subscribe
44325,2024-02-26,subscribe
44339,2024-02-01,subscribe
44348,2024-05-20,subscribe
44349,2024-02-14,subscribe
44353,2024-04-18,subscribe
44368,2024-05-13,subscribe
44372,2024-05-11,subscribe
44390,2024-05-18,subscribe
44399,2024-01-27,subscribe
44403,2024-05-02,subscribe
44414,2024-04-21,subscribe
44465,2024-03-25,subscribe
44476,2024-02-08,subscribe
44485,2024-05-13,subscribe
44489,2024-02-28,subscribe
44510,2024-05-30,subscribe
44523,2024-06-24,subscribe
44547,2024-05-09,subscribe
44564,2024-01-26,subscribe
44565,2024-06-01,subscribe
44567,2024-05-04,subscribe
44576,2024-01-19,subscribe
44580,2024-05-15,subscribe
44583,2024-01-12,subscribe
44594,2024-04-09,subscribe
44599,2024-01-14,subscribe
44607,2024-05-22,subscribe
44612,2024-03-09,subscribe
44618,2024-01-30,subscribe
44628,2024-01-05,subscribe
44632,2024-01-06,subscribe
44641,2024-06-08,subscribe
44645,2024-05-25,subscribe
44651,2024-03-23,subscribe
44652,2024-01-17,subscribe
44657,2024-01-11,subscribe
44660,2024-03-27,subscribe
44688,2024-05-31,subscribe
44689,2024-03-20,subscribe
44708,2024-02-27,subscribe
44723,2024-06-09,subscribe
44736,2024-01-25,subscribe
44751,2024-05-04,subscribe
44753,2024-03-16,subscribe
44755,2024-03-03,subscribe
44759,2024-06-30,subscribe
44762,2024-04-22,subscribe
44777,2024-05-03,subscribe
44781,2024-04-16,subscribe
44807,2024-01-16,subscribe
44814,2024-06-03,subscribe
44824,2024-01-22,subscribe
44831,2024-01-27,subscribe
44843,2024-04-05,subscribe
44844,2024-06-16,subscribe
44852,2024-01-22,subscribe
44871,2024-05-11,subscribe
44875,2024-02-03,subscribe
44882,2024-01-28,subscribe
44886,2024-06-13,subscribe
44888,2024-07-03,subscribe
44905,2024-03-21,subscribe
44917,2024-03-18,subscribe
44920,2024-04-20,subscribe
44933,2024-06-11,subscribe
44946,2024-06-12,subscribe
44968,2024-03-30,subscribe
44981,2024-02-19,subscribe
44985,2024-03-02,subscribe
44992,2024-06-04,subscribe
44996,2024-06-21,subscribe
45008,2024-07-02,subscribe
45020,2024-04-16,subscribe
45030,2024-03-31,subscribe
45045,2024-06-13,subscribe
45063,2024-03-30,subscribe
45075,2024-05-06,subscribe
45078,2024-03-31,subscribe
45087,2024-05-17,subscribe
45093,2024-02-02,subscribe
45101,2024-02-12,subscribe
45103,2024-02-14,subscribe
45109,2024-04-03,subscribe
45117,2024-01-15,subscribe
45138,2024-03-28,subscribe
45149,2024-01-08,subscribe
45159,2024-05-10,subscribe
45161,2024-02-15,subscribe
45166,2024-07-05,subscribe
45167,2024-03-22,subscribe
45171,2024-04-17,subscribe
45174,2024-01-17,subscribe
45181,2024-03-11,subscribe
45197,2024-06-10,subscribe
45200,2024-05-25,subscribe
45206,2024-05-02,subscribe
45209,2024-05-25,subscribe
45215,2024-01-12,subscribe
45219,2024-04-15,subscribe
45251,2024-03-21,subscribe
45253,2024-05-11,subscribe
45255,2024-02-27,subscribe
45268,2024-03-29,subscribe
45276,2024-03-15,subscribe
45281,2024-04-29,subscribe
45288,2024-04-18,subscribe
45297,2024-07-01,subscribe
45301,2024-04-30,subscribe
45309,2024-05-05,subscribe
45312,2024-03-06,subscribe
45320,2024-01-30,subscribe
45321,2024-03-04,subscribe
45324,2024-03-14,subscribe
45328,2024-02-18,subscribe
45335,2024-02-07,subscribe
45337,2024-02-17,subscribe
45356,2024-02-04,subscribe
45375,2024-04-14,subscribe
45385,2024-02-17,subscribe
45402,2024-07-03,subscribe
45404,2024-06-05,subscribe
45424,2024-06-09,subscribe
45431,2024-07-02,subscribe
45437,2024-07-01,subscribe
45438,2024-07-01,subscribe
45444,2024-04-10,subscribe
45445,2024-03-05,subscribe
45449,2024-04-11,subscribe
45452,2024-03-02,subscribe
45466,2024-01-12,subscribe
45472,2024-05-15,subscribe
45479,2024-03-24,subscribe
45500,2024-06-12,subscribe
45516,2024-06-06,subscribe
45520,2024-04-20,subscribe
45533,2024-04-27,subscribe
45538,2024-06-18,subscribe
45540,2024-05-09,subscribe
45552,2024-04-20,subscribe
45554,2024-04-11,subscribe
45564,2024-02-24,subscribe
45570,2024-06-19,subscribe
45572,2024-06-28,subscribe
45586,2024-01-15,subscribe
45587,2024-02-08,subscribe
45596,2024-02-11,subscribe
45600,2024-02-28,subscribe
45601,2024-05-18,subscribe
45608,2024-06-16,subscribe
45616,2024-05-27,subscribe
45648,2024-05-29,subscribe
45653,2024-01-26,subscribe
45666,2024-02-04,subscribe
45668,2024-05-04,subscribe
45688,2024-03-24,subscribe
45719,2024-04-24,subscribe
45729,2024-01-29,subscribe
45733,2024-03-27,subscribe
45761,2024-02-24,subscribe
45763,2024-03-19,subscribe
45771,2024-07-01,subscribe
45776,2024-04-26,subscribe
45777,2024-06-20,subscribe
45781,2024-04-02,subscribe
45783,2024-01-22,subscribe
45805,2024-07-02,subscribe
45830,2024-02-23,subscribe
45856,2024-03-26,subscribe
45862,2024-06-01,subscribe
45897,2024-05-22,subscribe
45906,2024-05-29,subscribe
45913,2024-02-05,subscribe
45922,2024-06-02,subscribe
45923,2024-03-01,subscribe
45927,2024-05-26,subscribe
45932,2024-04-03,subscribe
45937,2024-04-11,subscribe
45942,2024-01-18,subscribe
45947,2024-05-21,subscribe
45958,2024-03-10,subscribe
45964,2024-03-12,subscribe
45966,2024-05-17,subscribe
45968,2024-01-12,subscribe
45985,2024-02-19,subscribe
45987,2024-04-23,subscribe
45995,2024-04-01,subscribe
46001,2024-04-12,subscribe
46010,2024-04-22,subscribe
46047,2024-06-11,subscribe
46056,2024-06-23,subscribe
46067,2024-04-13,subscribe
46080,2024-06-01,subscribe
46086,2024-06-28,subscribe
46088,2024-05-06,subscribe
46093,2024-06-18,subscribe
46098,2024-06-12,subscribe
46108,2024-05-24,subscribe
46115,2024-03-12,subscribe
46118,2024-01-12,subscribe
46129,2024-03-11,subscribe
46136,2024-02-21,subscribe
46137,2024-02-13,subscribe
46138,2024-02-03,subscribe
46142,2024-07-06,subscribe
46152,2024-06-06,subscribe
46165,2024-06-09,subscribe
46167,2024-03-13,subscribe
46187,2024-04-26,subscribe
46198,2024-06-27,subscribe
46211,2024-06-17,subscribe
46217,2024-03-07,subscribe
46219,2024-02-20,subscribe
46235,2024-04-17,subscribe
46238,2024-06-19,subscribe
46247,2024-02-12,subscribe
46248,2024-06-15,subscribe
46250,2024-01-23,subscribe
46258,2024-06-18,subscribe
46272,2024-04-22,subscribe
46315,2024-06-28,subscribe
46340,2024-06-23,subscribe
46347,2024-03-10,subscribe
46352,2024-06-09,subscribe
46355,2024-02-28,subscribe
46357,2024-02-04,subscribe
46370,2024-03-13,subscribe
46381,2024-04-17,subscribe
46386,2024-04-20,subscribe
46388,2024-04-13,subscribe
46390,2024-05-26,subscribe
46402,2024-05-08,subscribe
46407,2024-04-28,subscribe
46412,2024-03-16,subscribe
46413,2024-04-28,subscribe
46428,2024-01-11,subscribe
46436,2024-04-10,subscribe
46437,2024-04-11,subscribe
46440,2024-01-28,subscribe
46459,2024-01-15,subscribe
46462,2024-02-13,subscribe
46464,2024-06-26,subscribe
46469,2024-04-27,subscribe
46480,2024-04-06,subscribe
46488,2024-05-04,subscribe
46521,2024-04-26,subscribe
46523,2024-03-14,subscribe
46527,2024-07-02,subscribe
46531,2024-03-16,subscribe
46534,2024-02-25,subscribe
46539,2024-03-31,subscribe
46540,2024-06-20,subscribe
46542,2024-04-11,subscribe
46548,2024-01-21,subscribe
46581,2024-06-27,subscribe
46588,2024-06-17,subscribe
46589,2024-05-18,subscribe
46598,2024-03-19,subscribe
46601,2024-06-23,subscribe
46602,2024-01-18,subscribe
46607,2024-01-20,subscribe
46648,2024-02-27,subscribe
46666,2024-01-31,subscribe
46683,2024-02-21,subscribe
46685,2024-04-06,subscribe
46690,2024-06-04,subscribe
46702,2024-03-16,subscribe
46733,2024-04-25,subscribe
46737,2024-07-01,subscribe
46738,2024-06-10,subscribe
46739,2024-07-04,subscribe
46743,2024-01-25,subscribe
46765,2024-07-03,subscribe
46768,2024-02-04,subscribe
46777,2024-02-17,subscribe
46792,2024-01-16,subscribe
46807,2024-06-16,subscribe
46810,2024-06-09,subscribe
46812,2024-05-28,subscribe
46821,2024-07-02,subscribe
46866,2024-06-12,subscribe
46896,2024-04-30,subscribe
46900,2024-01-15,subscribe
46902,2024-05-08,subscribe
46904,2024-03-04,subscribe
46909,2024-05-21,subscribe
46938,2024-05-25,subscribe
46942,2024-04-19,subscribe
46946,2024-04-07,subscribe
46961,2024-06-13,subscribe
46962,2024-06-17,subscribe
46971,2024-05-30,subscribe
46973,2024-06-25,subscribe
46974,2024-05-07,subscribe
46975,2024-05-15,subscribe
46986,2024-04-10,subscribe
46994,2024-05-02,subscribe
46997,2024-05-20,subscribe
46999,2024-03-16,subscribe
47001,2024-01-18,subscribe
47004,2024-05-29,subscribe
47005,2024-06-06,subscribe
47012,2024-04-15,subscribe
47017,2024-03-31,subscribe
47019,2024-03-25,subscribe
47035,2024-06-23,subscribe
47042,2024-02-17,subscribe
47060,2024-05-22,subscribe
47066,2024-06-30,subscribe
47072,2024-02-24,subscribe
47073,2024-06-12,subscribe
47090,2024-02-14,subscribe
47117,2024-06-08,subscribe
47126,2024-03-14,subscribe
47127,2024-03-31,subscribe
47143,2024-02-01,subscribe
47160,2024-03-19,subscribe
47173,2024-03-20,subscribe
47175,2024-03-11,subscribe
47179,2024-06-30,subscribe
47230,2024-05-13,subscribe
47232,2024-05-25,subscribe
47234,2024-02-16,subscribe
47237,2024-01-06,subscribe
47238,2024-04-18,subscribe
47247,2024-05-27,subscribe
47250,2024-04-27,subscribe
47253,2024-04-14,subscribe
47258,2024-01-17,subscribe
47274,2024-02-10,subscribe
47281,2024-06-22,subscribe
47288,2024-05-09,subscribe
47291,2024-03-15,subscribe
47308,2024-02-24,subscribe
47314,2024-06-02,subscribe
47342,2024-04-19,subscribe
47355,2024-06-21,subscribe
47356,2024-03-06,subscribe
47379,2024-04-03,subscribe
47385,2024-01-12,subscribe
47402,2024-01-19,subscribe
47404,2024-01-12,subscribe
47417,2024-06-06,subscribe
47433,2024-03-08,subscribe
47436,2024-02-05,subscribe
47441,2024-05-08,subscribe
47478,2024-06-28,subscribe
47480,2024-01-23,subscribe
47481,2024-05-30,subscribe
47483,2024-03-05,subscribe
47485,2024-03-14,subscribe
47491,2024-03-09,subscribe
47502,2024-05-31,subscribe
47506,2024-03-10,subscribe
47513,2024-02-28,subscribe
47519,2024-04-18,subscribe
47529,2024-05-15,subscribe
47534,2024-06-15,subscribe
47545,2024-02-16,subscribe
47551,2024-04-09,subscribe
47575,2024-02-07,subscribe
47585,2024-03-01,subscribe
47588,2024-06-29,subscribe
47609,2024-06-09,subscribe
47611,2024-06-07,subscribe
47615,2024-05-04,subscribe
47619,2024-02-17,subscribe
47621,2024-04-13,subscribe
47631,2024-04-21,subscribe
47641,2024-01-18,subscribe
47643,2024-03-26,subscribe
47677,2024-02-10,subscribe
47681,2024-04-23,subscribe
47695,2024-04-26,subscribe
47696,2024-02-09,subscribe
47703,2024-06-04,subscribe
47705,2024-07-03,subscribe
47727,2024-03-02,subscribe
47736,2024-05-09,subscribe
47748,2024-03-02,subscribe
47751,2024-01-19,subscribe
47754,2024-03-22,subscribe
47760,2024-04-30,subscribe
47771,2024-06-07,subscribe
47795,2024-05-31,subscribe
47801,2024-01-28,subscribe
47805,2024-03-07,subscribe
47807,2024-02-12,subscribe
47821,2024-02-03,subscribe
47831,2024-05-08,subscribe
47844,2024-02-19,subscribe
47845,2024-01-29,subscribe
47852,2024-02-13,subscribe
47854,2024-05-05,subscribe
47886,2024-02-25,subscribe
47895,2024-04-05,subscribe
47905,2024-02-23,subscribe
47907,2024-01-24,subscribe
47908,2024-01-31,subscribe
47953,2024-05-20,subscribe
47963,2024-05-22,subscribe
48005,2024-05-23,subscribe
48019,2024-02-18,subscribe
48021,2024-03-22,subscribe
48027,2024-02-26,subscribe
48040,2024-05-25,subscribe
48053,2024-03-29,subscribe
48058,2024-02-20,subscribe
48074,2024-06-27,subscribe
48077,2024-07-01,subscribe
48095,2024-01-19,subscribe
48101,2024-05-02,subscribe
48122,2024-01-29,subscribe
48128,2024-01-13,subscribe
48129,2024-05-03,subscribe
48140,2024-03-05,subscribe
48141,2024-04-20,subscribe
48169,2024-02-06,subscribe
48171,2024-02-23,subscribe
48184,2024-04-11,subscribe
48187,2024-01-26,subscribe
48213,2024-04-13,subscribe
48214,2024-05-29,subscribe
48220,2024-07-01,subscribe
48226,2024-03-06,subscribe
48231,2024-04-24,subscribe
48251,2024-05-25,subscribe
48276,2024-06-06,subscribe
48292,2024-01-18,subscribe
48296,2024-05-17,subscribe
48309,2024-05-22,subscribe
48316,2024-05-28,subscribe
48317,2024-01-22,subscribe
48321,2024-04-19,subscribe
48334,2024-05-05,subscribe
48337,2024-03-30,subscribe
48350,2024-01-20,subscribe
48352,2024-05-17,subscribe
48356,2024-03-12,subscribe
48358,2024-01-08,subscribe
48360,2024-01-12,subscribe
48362,2024-05-25,subscribe
48378,2024-03-11,subscribe
48386,2024-07-02,subscribe
48395,2024-04-02,subscribe
48401,2024-06-10,subscribe
48410,2024-04-16,subscribe
48412,2024-07-02,subscribe
48419,2024-03-22,subscribe
48441,2024-06-10,subscribe
48447,2024-01-22,subscribe
48453,2024-04-28,subscribe
48463,2024-01-15,subscribe
48464,2024-04-08,subscribe
48467,2024-01-18,subscribe
48477,2024-01-07,subscribe
48492,2024-04-25,subscribe
48493,2024-02-14,subscribe
48499,2024-01-07,subscribe
48506,2024-06-18,subscribe
48517,2024-05-30,subscribe
48519,2024-05-18,subscribe
48544,2024-05-12,subscribe
48547,2024-07-05,subscribe
48557,2024-05-04,subscribe
48559,2024-06-03,subscribe
48561,2024-02-07,subscribe
48565,2024-01-28,subscribe
48570,2024-03-03,subscribe
48579,2024-05-23,subscribe
48585,2024-02-18,subscribe
48609,2024-01-25,subscribe
48616,2024-03-29,subscribe
48632,2024-02-04,subscribe
48637,2024-05-24,subscribe
48642,2024-03-07,subscribe
48646,2024-03-10,subscribe
48647,2024-06-19,subscribe
48648,2024-03-04,subscribe
48661,2024-05-03,subscribe
48680,2024-07-02,subscribe
48682,2024-02-27,subscribe
48698,2024-01-28,subscribe
48700,2024-01-04,subscribe
48706,2024-05-05,subscribe
48739,2024-05-02,subscribe
48747,2024-05-04,subscribe
48755,2024-02-28,subscribe
48763,2024-03-12,subscribe
48771,2024-06-14,subscribe
48783,2024-04-16,subscribe
48791,2024-03-16,subscribe
48808,2024-01-26,subscribe
48809,2024-04-13,subscribe
48815,2024-04-19,subscribe
48823,2024-04-12,subscribe
48826,2024-02-23,subscribe
48844,2024-05-01,subscribe
48850,2024-03-29,subscribe
48855,2024-04-08,subscribe
48864,2024-05-15,subscribe
48870,2024-05-06,subscribe
48872,2024-03-17,subscribe
48883,2024-02-10,subscribe
48901,2024-04-16,subscribe
48911,2024-01-25,subscribe
48919,2024-06-20,subscribe
48927,2024-05-01,subscribe
48929,2024-01-31,subscribe
48931,2024-03-28,subscribe
48935,2024-02-28,subscribe
48936,2024-06-19,subscribe
48937,2024-03-29,subscribe
48941,2024-01-12,subscribe
48945,2024-05-16,subscribe
48956,2024-03-29,subscribe
48961,2024-04-01,subscribe
48970,2024-05-23,subscribe
48971,2024-04-12,subscribe
48976,2024-03-29,subscribe
48986,2024-04-12,subscribe
48995,2024-05-10,subscribe
49012,2024-06-18,subscribe
49021,2024-01-24,subscribe
49025,2024-05-06,subscribe
49028,2024-03-21,subscribe
49034,2024-05-31,subscribe
49038,2024-06-21,subscribe
49040,2024-05-10,subscribe
49049,2024-03-12,subscribe
49058,2024-04-13,subscribe
49069,2024-06-04,subscribe
49081,2024-06-09,subscribe
49083,2024-04-01,subscribe
49084,2024-06-10,subscribe
49085,2024-03-18,subscribe
49093,2024-03-03,subscribe
49113,2024-03-02,subscribe
49115,2024-04-30,subscribe
49123,2024-06-11,subscribe
49142,2024-02-14,subscribe
49143,2024-05-28,subscribe
49158,2024-02-22,subscribe
49163,2024-01-23,subscribe
49179,2024-05-24,subscribe
49191,2024-04-11,subscribe
49193,2024-02-08,subscribe
49194,2024-04-20,subscribe
49205,2024-03-16,subscribe
49206,2024-02-28,subscribe
49220,2024-05-09,subscribe
49223,2024-04-27,subscribe
49239,2024-04-21,subscribe
49243,2024-05-18,subscribe
49257,2024-04-04,subscribe
49258,2024-02-28,subscribe
49295,2024-03-22,subscribe
49300,2024-02-25,subscribe
49329,2024-03-09,subscribe
49330,2024-01-21,subscribe
49336,2024-05-15,subscribe
49338,2024-04-29,subscribe
49340,2024-05-24,subscribe
49358,2024-03-30,subscribe
49365,2024-02-24,subscribe
49379,2024-02-18,subscribe
49385,2024-06-20,subscribe
49390,2024-03-16,subscribe
49420,2024-01-11,subscribe
49421,2024-06-14,subscribe
49437,2024-05-23,subscribe
49442,2024-01-27,subscribe
49448,2024-07-01,subscribe
49451,2024-02-07,subscribe
49461,2024-06-03,subscribe
49463,2024-06-21,subscribe
49470,2024-05-27,subscribe
49472,2024-04-10,subscribe
49483,2024-05-21,subscribe
49486,2024-05-04,subscribe
49488,2024-04-18,subscribe
49490,2024-01-12,subscribe
49494,2024-04-01,subscribe
49497,2024-04-19,subscribe
49499,2024-05-17,subscribe
49507,2024-03-06,subscribe
49514,2024-03-09,subscribe
49530,2024-03-04,subscribe
49543,2024-04-09,subscribe
49549,2024-02-15,subscribe
49551,2024-04-21,subscribe
49559,2024-02-24,subscribe
49563,2024-02-28,subscribe
49566,2024-02-06,subscribe
49569,2024-06-16,subscribe
49581,2024-02-26,subscribe
49582,2024-02-22,subscribe
49586,2024-06-27,subscribe
49590,2024-06-07,subscribe
49596,2024-02-25,subscribe
49605,2024-01-24,subscribe
49609,2024-04-12,subscribe
49619,2024-02-01,subscribe
49623,2024-05-05,subscribe
49627,2024-02-01,subscribe
49632,2024-05-17,subscribe
49649,2024-07-02,subscribe
49654,2024-06-20,subscribe
49661,2024-06-12,subscribe
49681,2024-04-06,subscribe
49709,2024-03-03,subscribe
49715,2024-03-16,subscribe
49735,2024-01-05,subscribe
49742,2024-02-03,subscribe
49747,2024-07-02,subscribe
49748,2024-06-08,subscribe
49763,2024-02-08,subscribe
49785,2024-07-01,subscribe
49799,2024-04-16,subscribe
49800,2024-06-02,subscribe
49806,2024-06-18,subscribe
49808,2024-01-18,subscribe
49814,2024-05-26,subscribe
49820,2024-04-01,subscribe
49823,2024-01-11,subscribe
49840,2024-04-11,subscribe
49873,2024-05-19,subscribe
49879,2024-03-06,subscribe
49916,2024-05-19,subscribe
49926,2024-02-06,subscribe
49938,2024-06-16,subscribe
49945,2024-03-08,subscribe
49953,2024-05-05,subscribe
49955,2024-05-27,subscribe
49961,2024-02-26,subscribe
49964,2024-05-20,subscribe
49970,2024-04-20,subscribe
49973,2024-06-29,subscribe
49974,2024-05-08,subscribe
49983,2024-04-18,subscribe
49985,2024-01-16,subscribe
49988,2024-05-24,subscribe
50000,2024-04-10,subscribe
