user_id,event_date,amount
6,2024-03-25,20.0
14,2024-04-24,22.0
17,2024-05-30,22.0
22,2024-02-08,20.0
37,2024-03-14,22.0
42,2024-03-22,20.0
43,2024-06-20,20.0
67,2024-02-29,22.0
72,2024-02-15,22.0
95,2024-05-18,22.0
103,2024-05-10,22.0
106,2024-02-10,20.0
127,2024-01-29,20.0
128,2024-05-26,20.0
140,2024-05-27,20.0
156,2024-04-28,20.0
168,2024-01-05,20.0
194,2024-01-12,22.0
195,2024-05-10,20.0
208,2024-05-27,22.0
211,2024-03-12,20.0
215,2024-06-01,20.0
216,2024-04-15,20.0
238,2024-06-04,20.0
244,2024-03-31,22.0
272,2024-05-01,20.0
289,2024-06-02,20.0
303,2024-02-21,22.0
304,2024-01-11,20.0
308,2024-02-05,20.0
312,2024-03-04,22.0
325,2024-05-15,20.0
328,2024-04-11,22.0
332,2024-04-29,20.0
348,2024-03-30,20.0
359,2024-02-16,20.0
361,2024-02-06,20.0
366,2024-01-19,20.0
374,2024-01-19,20.0
379,2024-04-06,20.0
387,2024-05-09,20.0
400,2024-02-27,20.0
404,2024-04-21,20.0
405,2024-01-18,20.0
406,2024-05-01,20.0
411,2024-03-02,22.0
413,2024-02-24,22.0
416,2024-05-02,20.0
424,2024-01-29,22.0
428,2024-04-30,20.0
437,2024-01-09,20.0
441,2024-04-28,20.0
442,2024-02-24,20.0
458,2024-04-16,20.0
461,2024-04-02,20.0
466,2024-01-27,22.0
473,2024-06-05,20.0
510,2024-03-22,20.0
526,2024-01-27,22.0
528,2024-05-23,20.0
529,2024-04-14,20.0
534,2024-04-10,22.0
539,2024-04-26,22.0
556,2024-06-02,20.0
562,2024-04-05,22.0
564,2024-06-04,20.0
570,2024-07-06,20.0
576,2024-02-10,20.0
581,2024-05-08,20.0
606,2024-03-16,20.0
612,2024-02-16,20.0
628,2024-03-14,20.0
629,2024-05-13,20.0
633,2024-05-13,20.0
639,2024-06-25,20.0
645,2024-06-15,22.0
648,2024-02-20,20.0
657,2024-02-24,22.0
660,2024-06-13,20.0
671,2024-06-13,20.0
681,2024-07-05,20.0
693,2024-03-28,22.0
696,2024-06-06,20.0
701,2024-01-17,20.0
732,2024-05-31,20.0
750,2024-01-09,20.0
775,2024-07-08,22.0
779,2024-02-06,20.0
805,2024-05-23,22.0
813,2024-06-28,20.0
832,2024-07-04,20.0
836,2024-03-19,22.0
844,2024-02-23,22.0
865,2024-04-30,20.0
879,2024-04-05,22.0
883,2024-05-26,22.0
888,2024-03-08,22.0
889,2024-04-21,22.0
895,2024-01-21,20.0
900,2024-06-24,22.0
921,2024-03-08,22.0
923,2024-05-20,22.0
937,2024-07-06,22.0
953,2024-05-30,22.0
954,2024-02-27,22.0
955,2024-01-04,22.0
965,2024-01-09,20.0
970,2024-01-15,20.0
971,2024-06-07,22.0
974,2024-05-21,20.0
995,2024-03-26,22.0
997,2024-05-08,20.0
1012,2024-01-25,22.0
1014,2024-02-03,20.0
1015,2024-02-17,20.0
1025,2024-02-24,20.0
1033,2024-02-06,20.0
1042,2024-06-04,20.0
1044,2024-04-15,20.0
1082,2024-01-18,20.0
1084,2024-02-24,20.0
1086,2024-03-19,22.0
1116,2024-04-20,22.0
1127,2024-05-29,20.0
1153,2024-03-10,22.0
1155,2024-06-09,20.0
1164,2024-05-19,22.0
1170,2024-04-21,22.0
1171,2024-06-30,22.0
1173,2024-01-29,20.0
1178,2024-01-31,20.0
1180,2024-06-01,20.0
1183,2024-05-01,20.0
1193,2024-04-24,20.0
1202,2024-06-10,22.0
1208,2024-06-22,22.0
1225,2024-04-20,22.0
1226,2024-05-15,22.0
1230,2024-06-21,22.0
1232,2024-04-02,20.0
1236,2024-05-26,20.0
1262,2024-01-20,20.0
1263,2024-03-19,20.0
1265,2024-06-20,22.0
1279,2024-01-16,20.0
1298,2024-05-18,22.0
1301,2024-01-22,22.0
1305,2024-04-20,22.0
1310,2024-04-26,22.0
1314,2024-03-21,20.0
1324,2024-06-14,20.0
1336,2024-06-29,20.0
1337,2024-04-12,20.0
1342,2024-05-25,22.0
1343,2024-06-07,20.0
1351,2024-02-13,20.0
1352,2024-04-27,22.0
1356,2024-01-14,22.0
1372,2024-06-09,22.0
1377,2024-02-12,20.0
1378,2024-01-28,22.0
1383,2024-02-20,20.0
1384,2024-02-02,20.0
1423,2024-05-26,20.0
1431,2024-01-13,20.0
1434,2024-06-29,22.0
1443,2024-01-16,20.0
1457,2024-01-14,20.0
1459,2024-06-09,22.0
1467,2024-06-29,22.0
1471,2024-05-25,20.0
1481,2024-05-10,22.0
1485,2024-04-24,22.0
1493,2024-05-01,22.0
1515,2024-03-15,20.0
1527,2024-04-25,20.0
1550,2024-05-26,20.0
1557,2024-03-14,20.0
1558,2024-03-17,20.0
1568,2024-06-04,20.0
1570,2024-06-27,22.0
1578,2024-03-25,20.0
1593,2024-04-25,22.0
1595,2024-02-28,20.0
1597,2024-04-16,20.0
1601,2024-01-17,20.0
1615,2024-06-22,20.0
1623,2024-02-06,22.0
1645,2024-04-04,22.0
1647,2024-06-17,20.0
1652,2024-06-17,20.0
1657,2024-06-08,20.0
1675,2024-01-12,20.0
1679,2024-05-14,20.0
1689,2024-04-21,22.0
1696,2024-03-21,20.0
1713,2024-05-19,20.0
1725,2024-01-19,20.0
1726,2024-01-20,22.0
1756,2024-03-11,22.0
1768,2024-04-22,22.0
1773,2024-02-19,20.0
1785,2024-02-17,20.0
1789,2024-03-30,20.0
1808,2024-06-27,20.0
1816,2024-03-02,22.0
1818,2024-05-15,22.0
1819,2024-01-15,20.0
1820,2024-01-17,20.0
1832,2024-03-06,22.0
1836,2024-03-29,20.0
1839,2024-03-04,20.0
1849,2024-03-29,20.0
1854,2024-05-07,20.0
1857,2024-04-16,22.0
1862,2024-02-12,20.0
1866,2024-06-06,20.0
1867,2024-06-08,20.0
1872,2024-03-10,22.0
1881,2024-04-09,20.0
1907,2024-05-06,20.0
1922,2024-03-26,22.0
1923,2024-01-03,22.0
1945,2024-06-20,20.0
1948,2024-02-23,20.0
1951,2024-01-12,22.0
1974,2024-06-15,22.0
1982,2024-04-24,22.0
1989,2024-02-05,22.0
1991,2024-01-08,20.0
1995,2024-03-21,20.0
2001,2024-05-17,22.0
2002,2024-02-20,22.0
2007,2024-06-12,22.0
2017,2024-07-07,20.0
2025,2024-04-18,20.0
2026,2024-04-22,20.0
2042,2024-03-16,20.0
2059,2024-04-07,20.0
2064,2024-06-18,20.0
2078,2024-05-18,20.0
2084,2024-03-17,20.0
2085,2024-05-28,22.0
2092,2024-02-10,20.0
2109,2024-06-14,20.0
2110,2024-01-18,22.0
2118,2024-04-06,22.0
2122,2024-05-15,20.0
2125,2024-06-12,22.0
2127,2024-03-28,20.0
2148,2024-02-11,22.0
2157,2024-03-19,22.0
2162,2024-01-16,20.0
2165,2024-03-23,20.0
2166,2024-02-16,20.0
2187,2024-06-07,22.0
2192,2024-01-19,20.0
2196,2024-05-03,20.0
2199,2024-03-15,20.0
2204,2024-02-11,20.0
2205,2024-03-16,20.0
2207,2024-06-04,20.0
2214,2024-06-04,20.0
2220,2024-06-19,20.0
2225,2024-02-18,20.0
2229,2024-01-23,20.0
2250,2024-04-17,20.0
2271,2024-02-08,22.0
2272,2024-06-17,20.0
2276,2024-03-19,22.0
2291,2024-01-10,20.0
2305,2024-06-06,20.0
2311,2024-02-01,22.0
2327,2024-06-16,20.0
2334,2024-03-09,20.0
2357,2024-06-25,20.0
2362,2024-03-20,20.0
2377,2024-02-02,20.0
2388,2024-05-17,20.0
2394,2024-05-28,20.0
2428,2024-07-04,22.0
2467,2024-06-02,22.0
2471,2024-03-07,22.0
2473,2024-06-26,20.0
2474,2024-05-25,20.0
2479,2024-06-13,22.0
2487,2024-02-24,20.0
2495,2024-02-12,20.0
2518,2024-04-04,22.0
2540,2024-06-20,20.0
2543,2024-06-30,20.0
2548,2024-01-08,20.0
2553,2024-03-11,20.0
2566,2024-05-15,20.0
2568,2024-03-28,20.0
2570,2024-06-28,20.0
2587,2024-05-13,20.0
2591,2024-01-25,20.0
2593,2024-05-31,20.0
2601,2024-07-03,20.0
2602,2024-02-07,22.0
2607,2024-06-07,20.0
2610,2024-05-05,22.0
2618,2024-05-14,20.0
2619,2024-05-19,20.0
2639,2024-02-22,20.0
2665,2024-04-26,20.0
2666,2024-03-10,22.0
2669,2024-01-18,20.0
2674,2024-03-11,20.0
2709,2024-01-17,20.0
2736,2024-04-26,20.0
2738,2024-02-09,22.0
2771,2024-03-10,20.0
2775,2024-04-21,20.0
2798,2024-01-08,20.0
2799,2024-05-16,22.0
2828,2024-05-25,20.0
2831,2024-02-17,20.0
2842,2024-03-20,20.0
2861,2024-05-13,20.0
2872,2024-06-19,22.0
2888,2024-03-27,20.0
2904,2024-05-24,22.0
2913,2024-02-13,20.0
2914,2024-03-02,22.0
2924,2024-05-08,20.0
2930,2024-03-30,22.0
2932,2024-04-10,20.0
2944,2024-02-21,22.0
2951,2024-04-10,20.0
2981,2024-02-07,20.0
3002,2024-05-04,20.0
3005,2024-03-10,20.0
3017,2024-01-30,20.0
3024,2024-06-20,20.0
3033,2024-06-28,20.0
3035,2024-05-27,22.0
3037,2024-04-25,20.0
3041,2024-02-06,20.0
3068,2024-01-21,20.0
3076,2024-05-09,20.0
3079,2024-05-18,22.0
3098,2024-06-12,20.0
3100,2024-04-18,20.0
3102,2024-02-17,22.0
3115,2024-04-04,20.0
3119,2024-06-05,20.0
3127,2024-01-29,22.0
3145,2024-03-11,20.0
3150,2024-05-27,22.0
3176,2024-02-23,20.0
3177,2024-01-28,22.0
3179,2024-07-02,20.0
3188,2024-07-01,20.0
3192,2024-06-29,22.0
3196,2024-06-06,20.0
3203,2024-02-12,20.0
3205,2024-06-14,20.0
3206,2024-07-07,22.0
3219,2024-04-25,22.0
3220,2024-01-08,20.0
3223,2024-06-24,20.0
3225,2024-06-13,22.0
3239,2024-02-07,22.0
3242,2024-02-29,22.0
3246,2024-02-26,22.0
3265,2024-02-21,20.0
3311,2024-03-23,20.0
3320,2024-02-15,22.0
3368,2024-05-01,22.0
3369,2024-03-14,22.0
3385,2024-03-09,20.0
3391,2024-06-28,20.0
3397,2024-02-28,22.0
3402,2024-06-11,20.0
3409,2024-04-27,22.0
3423,2024-03-18,20.0
3463,2024-03-10,20.0
3469,2024-03-30,20.0
3473,2024-07-05,20.0
3487,2024-03-19,22.0
3505,2024-01-21,22.0
3517,2024-01-12,20.0
3522,2024-06-08,20.0
3527,2024-02-23,20.0
3545,2024-07-07,22.0
3547,2024-04-09,20.0
3559,2024-04-01,20.0
3572,2024-04-30,20.0
3576,2024-03-13,22.0
3579,2024-02-22,20.0
3581,2024-05-06,20.0
3587,2024-03-04,22.0
3591,2024-04-30,20.0
3600,2024-02-12,22.0
3614,2024-04-25,20.0
3635,2024-01-26,20.0
3649,2024-02-17,20.0
3656,2024-02-24,20.0
3673,2024-01-17,20.0
3674,2024-03-04,20.0
3706,2024-02-16,22.0
3720,2024-05-03,20.0
3726,2024-06-17,22.0
3734,2024-06-27,20.0
3744,2024-05-27,20.0
3759,2024-04-01,22.0
3761,2024-02-18,20.0
3766,2024-04-17,20.0
3774,2024-01-25,20.0
3790,2024-01-19,20.0
3794,2024-01-13,20.0
3809,2024-05-28,22.0
3810,2024-03-03,20.0
3814,2024-03-25,22.0
3817,2024-06-19,22.0
3830,2024-01-30,22.0
3831,2024-01-19,20.0
3837,2024-05-13,20.0
3850,2024-06-20,22.0
3858,2024-02-27,20.0
3870,2024-02-19,20.0
3876,2024-04-11,20.0
3885,2024-05-02,20.0
3895,2024-01-24,22.0
3896,2024-03-04,20.0
3901,2024-05-29,20.0
3910,2024-02-22,22.0
3923,2024-04-23,20.0
3924,2024-03-02,20.0
3937,2024-03-30,22.0
3942,2024-01-18,20.0
3943,2024-04-11,20.0
3949,2024-03-27,20.0
3952,2024-04-15,20.0
3955,2024-06-18,20.0
3958,2024-04-17,20.0
3961,2024-04-01,22.0
3969,2024-04-14,22.0
3975,2024-05-07,20.0
3980,2024-01-21,20.0
3998,2024-04-03,20.0
4019,2024-04-04,20.0
4021,2024-05-30,20.0
4040,2024-04-10,22.0
4045,2024-05-01,20.0
4052,2024-03-08,20.0
4061,2024-04-16,22.0
4066,2024-04-20,22.0
4070,2024-03-01,20.0
4072,2024-05-29,22.0
4074,2024-03-29,20.0
4076,2024-05-01,20.0
4081,2024-06-07,22.0
4082,2024-02-21,22.0
4086,2024-01-27,20.0
4089,2024-06-02,20.0
4092,2024-05-18,20.0
4142,2024-06-17,22.0
4144,2024-06-02,22.0
4149,2024-04-16,22.0
4158,2024-02-09,20.0
4165,2024-02-09,22.0
4169,2024-01-22,20.0
4176,2024-04-23,20.0
4194,2024-05-31,20.0
4196,2024-06-28,20.0
4201,2024-06-29,22.0
4204,2024-03-23,20.0
4214,2024-06-27,20.0
4225,2024-03-24,22.0
4241,2024-06-21,20.0
4250,2024-05-03,22.0
4272,2024-01-16,20.0
4275,2024-03-26,20.0
4282,2024-01-10,20.0
4288,2024-05-11,20.0
4290,2024-02-14,20.0
4294,2024-01-26,22.0
4296,2024-02-25,20.0
4308,2024-02-07,20.0
4327,2024-07-02,20.0
4330,2024-05-21,20.0
4340,2024-01-26,20.0
4363,2024-02-29,20.0
4368,2024-06-13,22.0
4389,2024-03-12,20.0
4398,2024-03-19,20.0
4406,2024-05-28,22.0
4422,2024-03-19,20.0
4433,2024-06-23,20.0
4436,2024-06-11,20.0
4437,2024-04-26,22.0
4438,2024-07-05,20.0
4444,2024-06-26,20.0
4445,2024-02-11,22.0
4450,2024-03-04,20.0
4467,2024-04-17,20.0
4490,2024-06-19,20.0
4491,2024-06-21,20.0
4503,2024-05-20,20.0
4531,2024-03-05,22.0
4538,2024-03-02,20.0
4555,2024-04-26,20.0
4565,2024-01-16,20.0
4569,2024-06-13,22.0
4570,2024-03-01,20.0
4582,2024-05-27,22.0
4585,2024-05-25,20.0
4586,2024-04-26,20.0
4592,2024-05-16,22.0
4593,2024-06-10,22.0
4595,2024-05-09,20.0
4598,2024-06-15,22.0
4607,2024-05-28,20.0
4645,2024-02-19,20.0
4661,2024-06-07,22.0
4678,2024-01-19,22.0
4679,2024-05-22,20.0
4684,2024-06-03,20.0
4685,2024-06-28,20.0
4693,2024-04-01,20.0
4695,2024-03-07,22.0
4710,2024-03-07,22.0
4718,2024-04-13,20.0
4735,2024-05-02,22.0
4749,2024-06-18,20.0
4761,2024-01-24,22.0
4764,2024-01-24,20.0
4771,2024-04-14,22.0
4787,2024-03-03,20.0
4795,2024-05-04,22.0
4815,2024-03-10,20.0
4819,2024-06-01,20.0
4822,2024-03-26,20.0
4853,2024-05-28,20.0
4869,2024-06-15,20.0
4870,2024-04-18,22.0
4897,2024-06-09,20.0
4900,2024-05-17,20.0
4907,2024-05-22,22.0
4912,2024-03-25,20.0
4915,2024-05-23,20.0
4919,2024-04-06,20.0
4928,2024-06-03,22.0
4945,2024-06-27,22.0
4951,2024-03-10,22.0
4956,2024-02-02,20.0
4957,2024-03-25,20.0
4977,2024-03-30,22.0
4985,2024-04-17,20.0
4987,2024-04-22,20.0
4992,2024-01-16,22.0
4994,2024-01-29,22.0
5017,2024-05-13,20.0
5018,2024-02-10,20.0
5020,2024-02-12,20.0
5025,2024-05-01,22.0
5027,2024-04-07,20.0
5029,2024-02-29,22.0
5054,2024-02-28,20.0
5057,2024-06-29,20.0
5059,2024-06-12,22.0
5066,2024-03-12,20.0
5067,2024-03-06,20.0
5068,2024-04-20,20.0
5069,2024-01-21,20.0
5071,2024-05-23,20.0
5094,2024-03-23,20.0
5099,2024-04-05,20.0
5100,2024-03-12,22.0
5102,2024-04-23,22.0
5108,2024-04-12,20.0
5121,2024-06-01,22.0
5123,2024-06-17,20.0
5128,2024-04-12,20.0
5130,2024-05-17,20.0
5139,2024-05-19,20.0
5140,2024-06-18,20.0
5149,2024-06-30,22.0
5156,2024-06-01,20.0
5159,2024-03-06,22.0
5164,2024-03-15,20.0
5170,2024-06-11,20.0
5180,2024-04-01,20.0
5198,2024-02-28,22.0
5199,2024-02-29,22.0
5203,2024-02-20,20.0
5239,2024-06-02,22.0
5258,2024-03-09,22.0
5259,2024-01-18,20.0
5282,2024-05-06,22.0
5285,2024-02-05,20.0
5288,2024-04-28,22.0
5308,2024-03-31,20.0
5335,2024-03-13,20.0
5337,2024-04-27,20.0
5362,2024-02-28,20.0
5368,2024-03-31,22.0
5372,2024-04-12,22.0
5377,2024-04-09,20.0
5382,2024-04-13,20.0
5387,2024-06-02,20.0
5396,2024-04-01,22.0
5414,2024-03-13,20.0
5422,2024-01-08,22.0
5439,2024-03-22,20.0
5447,2024-06-28,22.0
5458,2024-04-13,22.0
5475,2024-02-05,20.0
5484,2024-03-17,20.0
5489,2024-03-02,22.0
5502,2024-05-22,22.0
5526,2024-05-16,22.0
5533,2024-06-05,20.0
5534,2024-04-30,22.0
5539,2024-03-29,20.0
5551,2024-04-27,20.0
5567,2024-02-22,20.0
5574,2024-05-17,20.0
5575,2024-05-18,22.0
5577,2024-01-12,20.0
5592,2024-03-18,20.0
5642,2024-06-21,20.0
5644,2024-03-02,20.0
5650,2024-06-23,20.0
5672,2024-02-18,20.0
5673,2024-03-23,20.0
5677,2024-01-16,20.0
5697,2024-05-25,22.0
5702,2024-06-15,22.0
5704,2024-06-12,20.0
5707,2024-02-10,20.0
5731,2024-06-01,20.0
5732,2024-04-17,22.0
5745,2024-02-29,22.0
5751,2024-03-01,20.0
5755,2024-02-11,20.0
5760,2024-04-18,22.0
5777,2024-06-16,22.0
5806,2024-06-11,22.0
5839,2024-05-07,22.0
5840,2024-05-25,20.0
5841,2024-05-30,20.0
5848,2024-03-11,20.0
5860,2024-02-03,20.0
5880,2024-06-09,22.0
5923,2024-04-17,20.0
5927,2024-06-01,22.0
5929,2024-02-25,22.0
5933,2024-02-19,20.0
5967,2024-05-02,20.0
5986,2024-05-13,22.0
5996,2024-03-02,22.0
6005,2024-04-21,20.0
6024,2024-06-30,22.0
6030,2024-03-17,20.0
6034,2024-03-23,22.0
6035,2024-06-18,20.0
6044,2024-06-20,22.0
6046,2024-06-02,22.0
6047,2024-05-12,22.0
6060,2024-01-28,22.0
6061,2024-02-03,22.0
6074,2024-02-12,20.0
6094,2024-05-16,20.0
6098,2024-03-29,22.0
6108,2024-05-08,20.0
6111,2024-06-20,20.0
6134,2024-03-17,20.0
6146,2024-03-07,22.0
6149,2024-05-28,20.0
6169,2024-04-02,22.0
6170,2024-01-14,20.0
6182,2024-05-20,22.0
6187,2024-05-13,20.0
6191,2024-05-27,20.0
6195,2024-01-18,20.0
6202,2024-04-12,22.0
6207,2024-06-27,22.0
6226,2024-01-28,20.0
6228,2024-02-16,20.0
6229,2024-03-22,22.0
6243,2024-03-18,20.0
6247,2024-01-30,20.0
6251,2024-01-21,22.0
6277,2024-06-04,20.0
6291,2024-04-11,20.0
6293,2024-05-07,20.0
6298,2024-05-14,22.0
6307,2024-03-14,22.0
6314,2024-06-03,22.0
6315,2024-04-25,22.0
6319,2024-04-29,20.0
6321,2024-04-06,20.0
6330,2024-04-07,20.0
6338,2024-06-22,22.0
6343,2024-04-05,20.0
6345,2024-04-01,22.0
6346,2024-05-28,20.0
6358,2024-06-04,20.0
6364,2024-06-19,22.0
6367,2024-02-15,20.0
6371,2024-05-18,22.0
6386,2024-02-06,20.0
6387,2024-01-04,20.0
6388,2024-06-09,20.0
6392,2024-04-03,22.0
6393,2024-05-27,20.0
6403,2024-03-30,20.0
6406,2024-02-09,22.0
6414,2024-04-07,20.0
6432,2024-05-24,20.0
6439,2024-01-09,20.0
6441,2024-03-21,20.0
6444,2024-01-13,20.0
6446,2024-01-24,20.0
6450,2024-03-27,20.0
6452,2024-04-16,20.0
6454,2024-03-11,20.0
6490,2024-04-21,20.0
6493,2024-04-12,22.0
6496,2024-05-05,22.0
6502,2024-03-09,22.0
6503,2024-05-30,22.0
6511,2024-04-20,20.0
6512,2024-04-20,20.0
6516,2024-06-01,20.0
6522,2024-02-17,20.0
6537,2024-06-04,22.0
6538,2024-03-31,20.0
6554,2024-01-28,20.0
6566,2024-05-11,20.0
6575,2024-01-02,22.0
6576,2024-06-30,20.0
6591,2024-01-04,20.0
6594,2024-04-14,22.0
6606,2024-03-27,22.0
6623,2024-04-29,20.0
6625,2024-01-07,20.0
6631,2024-04-12,22.0
6634,2024-06-13,22.0
6635,2024-02-17,20.0
6644,2024-04-08,22.0
6653,2024-05-20,22.0
6668,2024-01-19,22.0
6694,2024-02-05,20.0
6708,2024-02-27,20.0
6725,2024-04-26,20.0
6740,2024-02-24,20.0
6767,2024-04-26,20.0
6768,2024-06-02,22.0
6777,2024-05-31,20.0
6783,2024-05-14,20.0
6795,2024-06-26,22.0
6801,2024-06-25,20.0
6809,2024-03-20,22.0
6821,2024-03-28,20.0
6825,2024-02-03,22.0
6827,2024-03-31,22.0
6829,2024-03-05,22.0
6844,2024-04-19,22.0
6849,2024-02-25,20.0
6853,2024-04-05,22.0
6860,2024-03-27,20.0
6865,2024-04-11,20.0
6866,2024-06-26,22.0
6868,2024-06-09,20.0
6872,2024-02-14,20.0
6885,2024-03-12,20.0
6891,2024-03-22,22.0
6892,2024-04-27,22.0
6898,2024-01-26,20.0
6922,2024-04-29,20.0
6928,2024-04-18,20.0
6937,2024-04-24,22.0
6950,2024-04-21,20.0
6954,2024-03-15,20.0
6957,2024-06-12,20.0
6965,2024-04-27,22.0
6993,2024-04-14,20.0
7006,2024-05-09,20.0
7023,2024-03-19,20.0
7025,2024-01-29,20.0
7047,2024-02-28,20.0
7063,2024-03-10,20.0
7076,2024-05-11,20.0
7091,2024-01-13,22.0
7096,2024-01-29,22.0
7107,2024-05-09,22.0
7109,2024-06-25,20.0
7112,2024-05-15,20.0
7116,2024-01-25,20.0
7123,2024-06-25,20.0
7125,2024-05-07,22.0
7128,2024-05-06,22.0
7129,2024-01-13,22.0
7139,2024-05-22,22.0
7141,2024-01-26,20.0
7143,2024-01-23,22.0
7150,2024-02-29,20.0
7156,2024-01-20,20.0
7204,2024-02-07,20.0
7205,2024-03-20,22.0
7214,2024-03-05,20.0
7231,2024-04-07,20.0
7257,2024-02-02,22.0
7259,2024-02-28,22.0
7270,2024-01-05,22.0
7274,2024-03-28,22.0
7291,2024-05-24,20.0
7292,2024-01-11,22.0
7293,2024-03-19,20.0
7295,2024-03-28,20.0
7324,2024-06-18,22.0
7327,2024-06-13,22.0
7330,2024-04-10,20.0
7333,2024-01-18,20.0
7341,2024-04-14,22.0
7344,2024-04-25,20.0
7352,2024-03-17,20.0
7365,2024-02-22,22.0
7377,2024-01-11,22.0
7385,2024-04-27,20.0
7423,2024-06-24,22.0
7424,2024-02-24,20.0
7427,2024-04-16,20.0
7441,2024-03-17,20.0
7457,2024-05-30,20.0
7491,2024-02-21,22.0
7496,2024-03-13,22.0
7498,2024-02-15,22.0
7502,2024-05-29,20.0
7509,2024-07-01,20.0
7516,2024-03-08,20.0
7520,2024-04-08,20.0
7556,2024-01-25,22.0
7565,2024-02-01,20.0
7573,2024-03-21,22.0
7576,2024-04-03,22.0
7596,2024-04-16,22.0
7608,2024-03-24,20.0
7611,2024-07-06,20.0
7617,2024-03-12,20.0
7618,2024-04-18,20.0
7622,2024-06-04,20.0
7641,2024-02-12,20.0
7672,2024-04-24,22.0
7685,2024-07-09,22.0
7691,2024-03-16,20.0
7692,2024-06-28,22.0
7695,2024-01-05,22.0
7700,2024-03-29,20.0
7709,2024-05-28,22.0
7715,2024-05-19,22.0
7728,2024-04-29,22.0
7734,2024-06-10,22.0
7736,2024-01-24,20.0
7749,2024-04-18,20.0
7758,2024-03-01,20.0
7761,2024-05-03,22.0
7767,2024-05-11,20.0
7777,2024-05-26,22.0
7779,2024-05-04,20.0
7785,2024-03-16,22.0
7818,2024-06-16,22.0
7827,2024-06-26,20.0
7834,2024-06-17,22.0
7841,2024-03-06,20.0
7844,2024-04-03,20.0
7863,2024-04-09,20.0
7865,2024-05-18,20.0
7890,2024-05-09,20.0
7893,2024-06-19,20.0
7896,2024-05-18,20.0
7902,2024-05-07,20.0
7905,2024-01-07,22.0
7910,2024-03-28,20.0
7916,2024-05-23,20.0
7919,2024-02-03,22.0
7920,2024-03-24,22.0
7922,2024-01-20,20.0
7933,2024-05-06,22.0
7936,2024-03-18,20.0
7947,2024-03-05,22.0
7956,2024-04-12,20.0
7971,2024-06-01,20.0
7987,2024-03-01,20.0
8002,2024-04-30,22.0
8005,2024-04-01,22.0
8021,2024-01-07,22.0
8040,2024-01-31,20.0
8044,2024-01-27,20.0
8061,2024-02-17,20.0
8063,2024-01-15,20.0
8064,2024-02-28,20.0
8070,2024-01-08,22.0
8087,2024-03-27,22.0
8112,2024-02-20,20.0
8125,2024-04-23,20.0
8128,2024-05-26,22.0
8144,2024-01-21,22.0
8150,2024-03-21,22.0
8152,2024-03-25,22.0
8153,2024-03-20,22.0
8166,2024-06-12,22.0
8177,2024-06-22,20.0
8183,2024-04-21,20.0
8195,2024-03-01,22.0
8200,2024-05-23,20.0
8206,2024-02-13,22.0
8210,2024-02-01,20.0
8223,2024-07-07,20.0
8227,2024-03-03,20.0
8228,2024-05-20,20.0
8229,2024-05-16,20.0
8238,2024-05-01,20.0
8256,2024-03-09,20.0
8260,2024-02-18,20.0
8286,2024-01-23,20.0
8288,2024-03-19,20.0
8295,2024-03-28,20.0
8315,2024-07-07,22.0
8324,2024-04-10,20.0
8335,2024-05-19,20.0
8338,2024-02-27,22.0
8343,2024-06-07,20.0
8347,2024-01-18,20.0
8371,2024-01-14,20.0
8375,2024-05-15,20.0
8386,2024-05-29,20.0
8387,2024-05-12,20.0
8392,2024-03-14,20.0
8400,2024-06-30,20.0
8418,2024-03-17,22.0
8420,2024-06-10,20.0
8431,2024-03-20,22.0
8433,2024-05-31,20.0
8448,2024-05-10,20.0
8454,2024-06-10,22.0
8457,2024-03-28,20.0
8459,2024-03-14,22.0
8470,2024-01-24,22.0
8473,2024-05-13,20.0
8479,2024-01-27,20.0
8493,2024-06-21,20.0
8503,2024-02-26,22.0
8505,2024-02-29,20.0
8508,2024-03-27,22.0
8512,2024-04-17,20.0
8519,2024-04-22,20.0
8524,2024-03-25,22.0
8535,2024-03-30,20.0
8548,2024-03-08,20.0
8559,2024-05-29,20.0
8565,2024-06-07,20.0
8597,2024-02-10,20.0
8601,2024-01-30,22.0
8608,2024-03-13,20.0
8611,2024-03-08,20.0
8619,2024-06-26,20.0
8623,2024-02-20,22.0
8631,2024-06-25,20.0
8633,2024-05-01,20.0
8651,2024-04-06,20.0
8653,2024-01-23,20.0
8670,2024-05-20,20.0
8675,2024-06-27,20.0
8698,2024-02-10,20.0
8706,2024-06-05,22.0
8716,2024-04-29,22.0
8730,2024-03-07,22.0
8731,2024-01-13,20.0
8741,2024-06-12,20.0
8745,2024-01-11,20.0
8751,2024-04-14,22.0
8752,2024-02-09,20.0
8774,2024-05-16,20.0
8784,2024-03-13,22.0
8793,2024-04-08,22.0
8794,2024-06-24,20.0
8796,2024-02-24,20.0
8812,2024-01-20,20.0
8822,2024-02-17,22.0
8823,2024-02-24,20.0
8824,2024-06-26,22.0
8826,2024-05-02,20.0
8837,2024-03-18,20.0
8838,2024-03-19,20.0
8880,2024-05-03,20.0
8881,2024-03-29,20.0
8886,2024-03-11,20.0
8890,2024-02-01,22.0
8893,2024-01-21,20.0
8905,2024-04-10,20.0
8910,2024-06-26,20.0
8913,2024-04-29,20.0
8917,2024-05-30,20.0
8919,2024-01-23,20.0
8923,2024-05-30,20.0
8934,2024-06-03,20.0
8939,2024-06-19,20.0
8946,2024-05-10,20.0
8947,2024-05-18,20.0
8963,2024-04-21,22.0
8965,2024-01-13,20.0
8969,2024-03-15,20.0
8977,2024-06-23,20.0
9002,2024-04-20,20.0
9007,2024-02-22,22.0
9009,2024-05-07,20.0
9013,2024-06-16,22.0
9023,2024-03-02,20.0
9043,2024-05-11,22.0
9054,2024-05-27,20.0
9061,2024-04-06,20.0
9069,2024-06-20,20.0
9071,2024-06-01,20.0
9079,2024-05-29,22.0
9084,2024-06-01,22.0
9090,2024-01-25,22.0
9091,2024-01-21,20.0
9098,2024-07-04,20.0
9099,2024-06-22,22.0
9100,2024-03-19,22.0
9108,2024-02-14,22.0
9110,2024-05-03,20.0
9114,2024-03-05,22.0
9124,2024-06-07,22.0
9145,2024-05-28,22.0
9158,2024-07-03,20.0
9164,2024-05-30,20.0
9173,2024-04-29,20.0
9178,2024-05-07,22.0
9186,2024-01-16,20.0
9198,2024-06-09,22.0
9200,2024-05-27,20.0
9201,2024-02-02,22.0
9228,2024-03-23,22.0
9235,2024-03-15,22.0
9237,2024-03-02,22.0
9254,2024-02-08,20.0
9265,2024-04-04,20.0
9276,2024-01-18,20.0
9277,2024-03-02,20.0
9300,2024-02-09,20.0
9303,2024-06-09,20.0
9313,2024-02-21,22.0
9317,2024-06-26,22.0
9319,2024-02-16,22.0
9345,2024-04-03,20.0
9363,2024-05-29,22.0
9371,2024-01-23,22.0
9383,2024-04-11,20.0
9395,2024-04-02,20.0
9414,2024-06-05,22.0
9416,2024-03-14,20.0
9422,2024-05-17,22.0
9427,2024-01-25,22.0
9431,2024-02-26,20.0
9476,2024-04-30,22.0
9481,2024-02-25,20.0
9507,2024-06-19,22.0
9508,2024-03-07,22.0
9517,2024-03-30,20.0
9533,2024-01-26,20.0
9564,2024-02-18,20.0
9568,2024-02-24,22.0
9569,2024-04-17,20.0
9579,2024-02-09,20.0
9583,2024-05-13,20.0
9593,2024-02-07,20.0
9594,2024-04-10,22.0
9621,2024-04-02,20.0
9622,2024-01-12,20.0
9630,2024-02-28,22.0
9659,2024-07-02,20.0
9661,2024-03-26,20.0
9667,2024-05-05,22.0
9711,2024-06-24,20.0
9723,2024-03-31,20.0
9745,2024-05-25,20.0
9748,2024-06-22,22.0
9765,2024-01-10,20.0
9779,2024-07-03,20.0
9781,2024-01-16,22.0
9782,2024-06-12,22.0
9805,2024-03-22,22.0
9822,2024-05-24,20.0
9846,2024-02-07,20.0
9848,2024-01-17,22.0
9862,2024-03-05,22.0
9865,2024-03-25,20.0
9870,2024-03-24,20.0
9871,2024-01-30,22.0
9879,2024-03-02,22.0
9884,2024-04-30,20.0
9895,2024-03-15,20.0
9897,2024-02-21,20.0
9904,2024-03-23,22.0
9928,2024-01-22,20.0
9940,2024-06-24,20.0
9941,2024-03-06,20.0
9946,2024-06-11,20.0
9972,2024-04-06,22.0
9999,2024-06-09,22.0
10004,2024-06-21,22.0
10005,2024-05-18,22.0
10007,2024-03-17,22.0
10011,2024-03-21,20.0
10020,2024-04-29,20.0
10028,2024-06-03,20.0
10030,2024-04-09,20.0
10038,2024-05-10,22.0
10074,2024-03-09,22.0
10082,2024-06-28,22.0
10098,2024-06-02,20.0
10105,2024-03-16,22.0
10109,2024-02-10,22.0
10113,2024-06-30,22.0
10115,2024-05-10,20.0
10123,2024-02-06,20.0
10124,2024-07-10,22.0
10138,2024-06-20,20.0
10139,2024-02-03,20.0
10210,2024-02-11,20.0
10211,2024-01-14,20.0
10225,2024-05-04,20.0
10231,2024-03-21,20.0
10253,2024-04-22,20.0
10258,2024-04-03,20.0
10276,2024-05-26,22.0
10277,2024-01-17,20.0
10291,2024-03-20,22.0
10293,2024-02-06,22.0
10297,2024-03-28,20.0
10298,2024-06-09,20.0
10308,2024-03-01,22.0
10317,2024-03-19,20.0
10323,2024-03-18,20.0
10326,2024-01-28,20.0
10333,2024-06-08,22.0
10335,2024-01-06,20.0
10341,2024-01-25,22.0
10373,2024-03-02,20.0
10384,2024-02-24,20.0
10397,2024-03-24,20.0
10399,2024-04-26,20.0
10402,2024-02-14,22.0
10409,2024-02-11,20.0
10417,2024-03-23,20.0
10435,2024-06-01,20.0
10453,2024-03-30,20.0
10498,2024-01-27,20.0
10510,2024-03-20,22.0
10529,2024-02-16,20.0
10535,2024-04-01,22.0
10544,2024-01-31,22.0
10548,2024-05-13,20.0
10562,2024-05-25,22.0
10564,2024-06-01,20.0
10578,2024-02-12,22.0
10579,2024-04-28,20.0
10581,2024-04-11,20.0
10587,2024-05-11,20.0
10590,2024-06-16,22.0
10593,2024-04-09,20.0
10594,2024-04-23,22.0
10597,2024-05-11,20.0
10604,2024-06-05,20.0
10616,2024-05-04,20.0
10629,2024-06-23,20.0
10634,2024-02-13,20.0
10660,2024-03-28,20.0
10661,2024-06-19,22.0
10665,2024-01-13,20.0
10666,2024-02-05,20.0
10667,2024-01-05,20.0
10700,2024-02-05,20.0
10709,2024-03-24,22.0
10710,2024-03-13,20.0
10721,2024-02-01,22.0
10723,2024-01-21,22.0
10732,2024-02-03,20.0
10734,2024-01-10,22.0
10736,2024-01-16,20.0
10742,2024-03-27,22.0
10744,2024-05-20,20.0
10749,2024-07-05,20.0
10756,2024-01-18,22.0
10766,2024-02-08,20.0
10770,2024-02-10,20.0
10771,2024-05-29,22.0
10777,2024-01-16,20.0
10782,2024-01-14,20.0
10786,2024-05-26,22.0
10788,2024-02-11,20.0
10795,2024-02-16,20.0
10802,2024-06-10,22.0
10845,2024-03-21,20.0
10872,2024-02-17,20.0
10873,2024-06-12,20.0
10874,2024-03-26,20.0
10890,2024-03-21,20.0
10897,2024-02-26,22.0
10906,2024-03-19,22.0
10921,2024-06-09,20.0
10942,2024-05-30,20.0
10968,2024-04-10,22.0
10972,2024-05-02,22.0
10990,2024-01-25,20.0
10991,2024-03-08,22.0
10999,2024-06-21,22.0
11005,2024-01-31,20.0
11010,2024-01-14,20.0
11012,2024-05-31,22.0
11015,2024-05-29,20.0
11019,2024-05-31,20.0
11033,2024-03-28,20.0
11040,2024-04-13,20.0
11060,2024-01-22,20.0
11061,2024-05-31,20.0
11063,2024-03-21,20.0
11070,2024-03-14,22.0
11082,2024-01-05,22.0
11099,2024-05-30,22.0
11104,2024-06-23,22.0
11109,2024-02-12,22.0
11112,2024-03-30,22.0
11120,2024-02-08,22.0
11132,2024-02-16,20.0
11150,2024-04-17,20.0
11151,2024-06-02,22.0
11155,2024-03-15,22.0
11165,2024-04-20,20.0
11171,2024-04-13,20.0
11173,2024-03-29,20.0
11180,2024-03-21,22.0
11182,2024-04-02,22.0
11195,2024-06-23,20.0
11238,2024-06-16,22.0
11239,2024-06-01,20.0
11248,2024-03-15,22.0
11257,2024-02-27,20.0
11259,2024-02-08,20.0
11261,2024-06-10,20.0
11270,2024-02-28,22.0
11275,2024-03-23,22.0
11279,2024-01-18,20.0
11305,2024-01-21,22.0
11310,2024-01-23,20.0
11311,2024-01-04,22.0
11320,2024-05-11,20.0
11339,2024-03-13,20.0
11348,2024-01-13,20.0
11371,2024-04-13,22.0
11392,2024-04-01,22.0
11412,2024-01-17,22.0
11431,2024-03-29,20.0
11432,2024-01-16,20.0
11441,2024-03-24,22.0
11452,2024-07-01,20.0
11457,2024-02-01,20.0
11473,2024-03-16,22.0
11476,2024-06-28,20.0
11479,2024-03-05,22.0
11488,2024-05-20,20.0
11490,2024-01-13,20.0
11510,2024-05-23,20.0
11531,2024-04-02,20.0
11550,2024-05-18,22.0
11552,2024-01-21,20.0
11554,2024-03-27,20.0
11561,2024-03-04,20.0
11598,2024-03-31,20.0
11605,2024-04-24,22.0
11614,2024-04-23,20.0
11620,2024-04-05,20.0
11627,2024-04-08,20.0
11639,2024-03-09,22.0
11646,2024-02-14,20.0
11658,2024-06-24,20.0
11662,2024-03-02,20.0
11676,2024-06-23,22.0
11692,2024-05-26,20.0
11694,2024-06-17,20.0
11700,2024-05-26,20.0
11712,2024-04-05,22.0
11713,2024-04-01,20.0
11716,2024-05-24,20.0
11723,2024-02-15,20.0
11747,2024-03-16,22.0
11748,2024-05-13,20.0
11751,2024-03-08,20.0
11755,2024-04-13,22.0
11756,2024-02-25,20.0
11763,2024-04-14,20.0
11775,2024-05-01,22.0
11778,2024-01-17,20.0
11802,2024-06-29,22.0
11803,2024-05-04,22.0
11804,2024-03-19,20.0
11812,2024-06-06,20.0
11816,2024-05-24,22.0
11823,2024-06-20,20.0
11827,2024-06-03,20.0
11831,2024-02-26,22.0
11835,2024-04-13,22.0
11836,2024-02-22,20.0
11844,2024-02-17,20.0
11866,2024-04-30,22.0
11870,2024-06-07,20.0
11877,2024-01-21,20.0
11883,2024-01-22,22.0
11894,2024-06-29,20.0
11897,2024-04-14,20.0
11923,2024-06-30,20.0
11930,2024-05-21,22.0
11945,2024-02-13,20.0
11958,2024-01-22,22.0
11967,2024-03-23,22.0
11969,2024-01-31,20.0
11973,2024-04-10,22.0
11976,2024-03-15,20.0
11980,2024-05-05,20.0
11983,2024-05-14,22.0
12002,2024-06-10,20.0
12011,2024-06-29,20.0
12020,2024-05-29,20.0
12036,2024-05-28,20.0
12044,2024-04-06,20.0
12045,2024-03-08,20.0
12053,2024-06-01,20.0
12071,2024-01-30,20.0
12084,2024-05-10,22.0
12100,2024-04-18,20.0
12107,2024-03-24,20.0
12120,2024-01-11,20.0
12143,2024-03-08,22.0
12144,2024-06-01,22.0
12147,2024-04-16,22.0
12154,2024-05-21,20.0
12161,2024-01-29,22.0
12165,2024-05-15,20.0
12169,2024-05-01,20.0
12174,2024-04-10,20.0
12182,2024-06-24,22.0
12183,2024-05-09,22.0
12201,2024-02-25,20.0
12203,2024-03-11,22.0
12214,2024-05-22,20.0
12215,2024-05-04,20.0
12226,2024-02-04,20.0
12234,2024-07-02,22.0
12247,2024-06-01,22.0
12265,2024-04-07,20.0
12266,2024-02-22,22.0
12275,2024-03-31,20.0
12283,2024-06-16,20.0
12287,2024-04-20,20.0
12313,2024-07-07,20.0
12338,2024-05-07,20.0
12360,2024-06-15,20.0
12361,2024-04-07,22.0
12366,2024-05-31,22.0
12368,2024-01-02,20.0
12371,2024-03-31,22.0
12376,2024-03-12,22.0
12379,2024-01-13,22.0
12380,2024-01-08,22.0
12401,2024-04-17,20.0
12408,2024-06-20,20.0
12413,2024-05-12,20.0
12415,2024-01-02,22.0
12416,2024-03-02,20.0
12425,2024-04-10,22.0
12426,2024-01-26,20.0
12449,2024-02-01,22.0
12458,2024-02-24,20.0
12481,2024-05-11,22.0
12501,2024-07-02,20.0
12504,2024-05-05,20.0
12514,2024-04-02,22.0
12520,2024-06-12,20.0
12523,2024-06-13,22.0
12539,2024-04-05,22.0
12569,2024-04-05,22.0
12595,2024-06-27,22.0
12599,2024-02-12,20.0
12603,2024-07-02,20.0
12605,2024-05-28,22.0
12611,2024-05-23,20.0
12612,2024-04-10,20.0
12628,2024-04-05,20.0
12664,2024-07-02,22.0
12665,2024-03-12,20.0
12696,2024-07-07,22.0
12748,2024-04-24,22.0
12760,2024-06-10,20.0
12766,2024-01-21,20.0
12768,2024-01-23,20.0
12783,2024-02-24,20.0
12797,2024-05-23,20.0
12807,2024-02-04,20.0
12823,2024-04-14,20.0
12837,2024-05-15,22.0
12848,2024-06-03,22.0
12851,2024-05-07,20.0
12864,2024-03-10,22.0
12866,2024-03-14,20.0
12892,2024-06-21,22.0
12902,2024-06-05,22.0
12925,2024-04-20,22.0
12935,2024-03-13,22.0
12946,2024-05-29,20.0
12948,2024-02-16,22.0
12971,2024-05-16,22.0
12972,2024-05-22,20.0
12976,2024-06-20,20.0
12978,2024-05-05,20.0
12979,2024-06-10,22.0
12993,2024-07-01,22.0
13009,2024-02-12,20.0
13013,2024-04-27,20.0
13021,2024-01-23,20.0
13025,2024-04-12,20.0
13036,2024-04-19,20.0
13050,2024-01-07,20.0
13053,2024-06-03,20.0
13064,2024-02-02,20.0
13070,2024-06-07,22.0
13073,2024-06-20,22.0
13080,2024-03-03,22.0
13102,2024-06-28,22.0
13109,2024-03-17,20.0
13110,2024-03-17,20.0
13115,2024-04-20,20.0
13127,2024-04-16,20.0
13139,2024-06-01,20.0
13150,2024-06-17,20.0
13151,2024-06-16,20.0
13155,2024-04-18,22.0
13163,2024-01-15,22.0
13171,2024-01-03,22.0
13178,2024-01-17,22.0
13185,2024-01-21,22.0
13205,2024-05-11,20.0
13210,2024-05-12,22.0
13215,2024-02-26,22.0
13228,2024-05-08,20.0
13256,2024-07-03,20.0
13275,2024-06-27,22.0
13288,2024-06-04,20.0
13293,2024-06-26,22.0
13316,2024-02-11,22.0
13318,2024-01-15,22.0
13319,2024-01-11,20.0
13320,2024-01-04,22.0
13369,2024-06-29,20.0
13377,2024-05-12,20.0
13386,2024-06-06,20.0
13398,2024-01-25,20.0
13407,2024-03-09,22.0
13408,2024-01-15,20.0
13409,2024-03-31,20.0
13420,2024-01-28,20.0
13424,2024-01-26,20.0
13442,2024-04-27,20.0
13444,2024-05-29,22.0
13470,2024-03-26,20.0
13477,2024-02-07,20.0
13491,2024-03-13,22.0
13508,2024-03-07,22.0
13511,2024-04-19,22.0
13523,2024-06-10,20.0
13548,2024-03-10,22.0
13558,2024-06-08,20.0
13560,2024-04-28,20.0
13576,2024-04-27,22.0
13584,2024-02-12,20.0
13606,2024-03-06,22.0
13609,2024-02-07,22.0
13622,2024-06-19,22.0
13641,2024-06-21,22.0
13651,2024-06-07,20.0
13658,2024-02-10,20.0
13670,2024-07-06,22.0
13692,2024-05-22,20.0
13699,2024-02-20,20.0
13706,2024-01-21,20.0
13715,2024-02-09,20.0
13722,2024-01-16,22.0
13730,2024-05-25,20.0
13739,2024-02-24,20.0
13744,2024-01-29,20.0
13757,2024-03-19,20.0
13760,2024-05-24,20.0
13766,2024-01-15,20.0
13801,2024-05-11,20.0
13802,2024-05-12,20.0
13813,2024-05-28,22.0
13831,2024-05-12,20.0
13843,2024-05-29,22.0
13851,2024-04-19,20.0
13854,2024-02-09,20.0
13872,2024-06-19,22.0
13880,2024-05-27,20.0
13886,2024-02-03,22.0
13889,2024-06-24,22.0
13899,2024-03-20,22.0
13901,2024-01-20,22.0
13910,2024-03-09,20.0
13919,2024-01-20,22.0
13921,2024-05-29,22.0
13934,2024-03-09,20.0
13937,2024-04-20,20.0
13943,2024-03-15,20.0
13949,2024-05-27,22.0
13951,2024-05-08,20.0
13952,2024-04-29,20.0
13955,2024-06-17,22.0
13958,2024-04-21,20.0
13960,2024-05-30,22.0
13962,2024-01-20,20.0
13966,2024-04-25,22.0
13969,2024-03-02,22.0
13983,2024-02-18,20.0
13985,2024-03-25,20.0
14016,2024-03-03,20.0
14025,2024-06-23,22.0
14030,2024-01-23,20.0
14057,2024-02-21,22.0
14075,2024-05-13,22.0
14076,2024-04-27,20.0
14081,2024-02-08,22.0
14083,2024-04-25,22.0
14099,2024-06-16,22.0
14103,2024-05-01,20.0
14133,2024-07-01,22.0
14157,2024-06-06,22.0
14158,2024-05-08,22.0
14159,2024-04-02,22.0
14163,2024-03-29,20.0
14175,2024-02-06,22.0
14181,2024-04-30,20.0
14185,2024-05-22,20.0
14189,2024-02-06,20.0
14221,2024-01-15,22.0
14229,2024-06-02,22.0
14230,2024-06-18,20.0
14240,2024-05-28,20.0
14252,2024-06-22,20.0
14263,2024-05-23,20.0
14268,2024-03-13,20.0
14279,2024-02-13,20.0
14303,2024-04-27,20.0
14308,2024-02-21,22.0
14317,2024-03-11,20.0
14321,2024-01-26,20.0
14325,2024-04-09,22.0
14332,2024-03-06,20.0
14341,2024-06-13,22.0
14342,2024-04-09,22.0
14352,2024-04-07,20.0
14368,2024-02-24,20.0
14370,2024-02-01,22.0
14403,2024-04-26,22.0
14411,2024-02-10,20.0
14417,2024-06-03,20.0
14418,2024-04-26,20.0
14420,2024-01-17,20.0
14430,2024-07-02,20.0
14450,2024-03-27,20.0
14453,2024-02-09,20.0
14469,2024-01-10,20.0
14475,2024-07-07,20.0
14476,2024-02-09,22.0
14534,2024-02-15,22.0
14539,2024-02-06,20.0
14552,2024-06-13,20.0
14558,2024-03-02,22.0
14568,2024-02-09,20.0
14580,2024-03-27,20.0
14583,2024-02-22,20.0
14585,2024-04-11,20.0
14588,2024-05-20,22.0
14597,2024-04-27,20.0
14605,2024-04-01,20.0
14618,2024-05-31,20.0
14619,2024-06-11,20.0
14631,2024-03-26,22.0
14648,2024-03-13,20.0
14654,2024-03-07,20.0
14658,2024-02-05,20.0
14661,2024-04-14,22.0
14667,2024-01-20,22.0
14674,2024-03-25,22.0
14676,2024-05-29,20.0
14686,2024-06-24,22.0
14687,2024-05-10,20.0
14689,2024-04-20,20.0
14698,2024-04-28,22.0
14715,2024-05-07,20.0
14719,2024-03-17,22.0
14722,2024-01-26,20.0
14723,2024-06-12,22.0
14730,2024-05-06,20.0
14737,2024-02-02,20.0
14741,2024-02-18,20.0
14755,2024-03-05,22.0
14765,2024-03-22,22.0
14770,2024-06-03,20.0
14791,2024-06-25,20.0
14796,2024-03-31,20.0
14797,2024-07-04,22.0
14803,2024-03-18,22.0
14809,2024-06-16,22.0
14810,2024-05-22,22.0
14816,2024-03-07,20.0
14820,2024-04-11,22.0
14823,2024-02-06,20.0
14824,2024-02-28,20.0
14852,2024-01-30,20.0
14861,2024-06-29,20.0
14875,2024-03-14,22.0
14885,2024-03-14,22.0
14890,2024-02-03,22.0
14907,2024-03-10,22.0
14932,2024-04-23,20.0
14942,2024-02-03,20.0
14944,2024-04-09,20.0
14948,2024-04-12,20.0
14985,2024-02-13,20.0
14998,2024-02-29,20.0
15013,2024-02-26,20.0
15036,2024-06-24,20.0
15047,2024-06-27,22.0
15049,2024-04-23,20.0
15055,2024-06-10,22.0
15065,2024-05-09,20.0
15075,2024-03-06,20.0
15080,2024-03-19,20.0
15082,2024-04-16,20.0
15084,2024-07-03,20.0
15094,2024-04-26,22.0
15095,2024-02-09,22.0
15099,2024-01-15,20.0
15109,2024-04-14,22.0
15120,2024-03-28,20.0
15121,2024-04-30,20.0
15138,2024-01-15,22.0
15143,2024-02-09,20.0
15150,2024-03-03,22.0
15183,2024-05-29,22.0
15189,2024-05-05,22.0
15192,2024-01-24,20.0
15197,2024-01-27,20.0
15204,2024-01-11,20.0
15216,2024-02-05,22.0
15223,2024-07-04,20.0
15228,2024-07-03,22.0
15229,2024-06-07,22.0
15251,2024-02-20,20.0
15252,2024-06-23,20.0
15257,2024-06-14,20.0
15278,2024-05-06,22.0
15281,2024-03-02,20.0
15293,2024-01-18,20.0
15295,2024-03-23,22.0
15297,2024-03-15,20.0
15300,2024-05-24,22.0
15308,2024-01-31,20.0
15309,2024-04-28,22.0
15340,2024-05-15,20.0
15342,2024-07-07,22.0
15348,2024-05-07,20.0
15380,2024-03-03,20.0
15382,2024-02-20,20.0
15383,2024-02-29,20.0
15389,2024-04-07,22.0
15390,2024-05-15,22.0
15428,2024-01-10,22.0
15433,2024-04-14,20.0
15438,2024-01-24,22.0
15467,2024-06-21,22.0
15469,2024-05-11,20.0
15473,2024-01-10,20.0
15491,2024-06-15,20.0
15493,2024-05-31,20.0
15505,2024-04-24,22.0
15506,2024-06-20,20.0
15520,2024-02-02,20.0
15529,2024-03-25,20.0
15544,2024-03-23,20.0
15546,2024-05-07,20.0
15556,2024-06-25,20.0
15558,2024-02-15,20.0
15581,2024-05-04,22.0
15598,2024-03-16,20.0
15610,2024-06-23,20.0
15620,2024-02-29,20.0
15634,2024-01-20,20.0
15646,2024-06-20,20.0
15660,2024-03-06,20.0
15680,2024-01-19,22.0
15682,2024-05-08,20.0
15687,2024-04-23,22.0
15703,2024-01-12,20.0
15708,2024-06-18,22.0
15742,2024-03-22,22.0
15748,2024-02-26,20.0
15757,2024-04-12,22.0
15760,2024-01-20,20.0
15761,2024-04-04,20.0
15777,2024-04-18,20.0
15783,2024-02-21,20.0
15788,2024-06-18,22.0
15809,2024-02-15,20.0
15819,2024-01-17,20.0
15829,2024-04-22,20.0
15830,2024-02-23,22.0
15833,2024-05-18,20.0
15836,2024-01-07,20.0
15848,2024-06-26,20.0
15864,2024-04-28,20.0
15867,2024-05-29,20.0
15874,2024-05-09,20.0
15884,2024-06-06,20.0
15894,2024-05-08,22.0
15895,2024-01-18,22.0
15896,2024-04-03,22.0
15897,2024-05-19,20.0
15901,2024-05-22,20.0
15906,2024-05-09,22.0
15912,2024-03-14,20.0
15927,2024-03-31,20.0
15935,2024-07-01,20.0
15936,2024-02-08,20.0
15950,2024-05-01,22.0
15953,2024-01-27,22.0
15968,2024-02-23,20.0
15974,2024-03-16,22.0
15979,2024-03-01,22.0
15983,2024-03-19,20.0
15991,2024-02-22,20.0
15999,2024-01-21,20.0
16008,2024-03-04,22.0
16019,2024-04-24,20.0
16025,2024-03-19,20.0
16041,2024-02-29,20.0
16043,2024-04-14,20.0
16044,2024-06-04,22.0
16050,2024-01-18,20.0
16052,2024-03-23,20.0
16058,2024-01-16,22.0
16064,2024-01-09,20.0
16065,2024-03-30,22.0
16084,2024-02-01,22.0
16094,2024-05-24,20.0
16095,2024-02-21,22.0
16100,2024-04-02,22.0
16102,2024-01-14,20.0
16115,2024-06-08,20.0
16158,2024-04-01,20.0
16168,2024-04-29,22.0
16169,2024-06-19,22.0
16194,2024-05-14,20.0
16198,2024-03-22,20.0
16200,2024-02-11,22.0
16204,2024-02-20,20.0
16208,2024-03-18,20.0
16218,2024-02-02,20.0
16227,2024-03-21,20.0
16234,2024-02-15,20.0
16239,2024-04-19,20.0
16254,2024-02-29,22.0
16270,2024-03-05,20.0
16283,2024-06-22,22.0
16287,2024-06-26,20.0
16292,2024-03-13,22.0
16297,2024-05-04,20.0
16308,2024-07-02,20.0
16311,2024-03-17,22.0
16334,2024-04-27,20.0
16336,2024-05-09,20.0
16349,2024-04-05,20.0
16355,2024-06-02,20.0
16358,2024-04-30,20.0
16374,2024-02-12,20.0
16376,2024-06-28,22.0
16377,2024-02-26,22.0
16393,2024-02-11,22.0
16399,2024-04-27,22.0
16406,2024-01-06,20.0
16408,2024-06-03,20.0
16410,2024-02-09,20.0
16418,2024-06-12,20.0
16420,2024-01-24,22.0
16428,2024-04-16,22.0
16442,2024-02-20,20.0
16444,2024-01-30,22.0
16450,2024-05-22,20.0
16463,2024-02-16,22.0
16472,2024-04-16,20.0
16486,2024-02-10,20.0
16492,2024-03-06,22.0
16507,2024-05-17,22.0
16528,2024-05-08,20.0
16531,2024-05-27,20.0
16537,2024-02-15,20.0
16538,2024-03-21,20.0
16545,2024-02-11,20.0
16550,2024-04-06,22.0
16552,2024-06-22,20.0
16554,2024-06-01,20.0
16570,2024-01-16,22.0
16576,2024-03-05,22.0
16595,2024-01-05,20.0
16607,2024-01-11,22.0
16622,2024-03-29,22.0
16632,2024-04-29,22.0
16650,2024-02-06,20.0
16653,2024-05-20,22.0
16655,2024-05-03,20.0
16665,2024-04-10,20.0
16669,2024-02-03,22.0
16676,2024-04-28,22.0
16677,2024-06-04,20.0
16680,2024-01-24,20.0
16702,2024-02-07,20.0
16703,2024-06-18,20.0
16719,2024-04-22,20.0
16722,2024-02-11,20.0
16724,2024-04-06,20.0
16740,2024-06-08,22.0
16745,2024-01-27,20.0
16747,2024-06-12,22.0
16753,2024-03-31,20.0
16761,2024-04-11,20.0
16765,2024-05-20,22.0
16768,2024-04-23,22.0
16775,2024-01-30,22.0
16779,2024-03-03,22.0
16782,2024-01-14,20.0
16813,2024-06-23,20.0
16815,2024-01-14,22.0
16822,2024-05-22,22.0
16826,2024-04-06,20.0
16828,2024-06-11,20.0
16835,2024-01-05,22.0
16836,2024-01-16,22.0
16852,2024-02-18,22.0
16857,2024-03-05,20.0
16861,2024-02-22,20.0
16863,2024-01-19,20.0
16878,2024-06-13,20.0
16891,2024-02-01,22.0
16903,2024-07-01,20.0
16913,2024-06-12,20.0
16914,2024-01-13,20.0
16915,2024-03-14,20.0
16916,2024-05-20,20.0
16918,2024-03-01,22.0
16924,2024-03-16,20.0
16931,2024-06-22,22.0
16936,2024-03-22,20.0
16944,2024-05-23,22.0
16960,2024-01-08,20.0
16965,2024-01-17,20.0
16975,2024-06-02,20.0
16990,2024-01-09,20.0
17021,2024-07-01,20.0
17030,2024-04-14,20.0
17038,2024-06-26,20.0
17056,2024-03-07,22.0
17069,2024-05-04,20.0
17071,2024-06-24,20.0
17085,2024-06-02,22.0
17107,2024-02-23,20.0
17110,2024-03-01,20.0
17140,2024-01-20,20.0
17149,2024-05-31,20.0
17155,2024-01-23,22.0
17163,2024-06-10,20.0
17183,2024-05-22,22.0
17193,2024-07-02,22.0
17198,2024-03-18,20.0
17199,2024-05-01,22.0
17209,2024-01-15,20.0
17218,2024-06-19,20.0
17226,2024-02-29,20.0
17230,2024-04-16,22.0
17248,2024-05-15,22.0
17262,2024-01-17,22.0
17277,2024-05-21,22.0
17282,2024-04-27,20.0
17284,2024-01-18,20.0
17305,2024-03-10,20.0
17313,2024-03-30,22.0
17321,2024-01-19,22.0
17328,2024-03-23,22.0
17331,2024-01-12,20.0
17334,2024-02-27,22.0
17339,2024-04-25,22.0
17343,2024-04-17,22.0
17346,2024-02-14,20.0
17349,2024-04-26,20.0
17350,2024-01-10,22.0
17351,2024-07-03,22.0
17352,2024-05-27,20.0
17353,2024-03-16,22.0
17355,2024-07-02,22.0
17368,2024-06-06,20.0
17370,2024-04-20,22.0
17372,2024-01-26,20.0
17376,2024-03-16,20.0
17383,2024-02-07,20.0
17393,2024-04-17,20.0
17394,2024-03-19,20.0
17397,2024-01-23,20.0
17401,2024-03-18,20.0
17409,2024-05-13,20.0
17438,2024-03-23,20.0
17450,2024-01-21,22.0
17471,2024-01-25,20.0
17480,2024-01-21,22.0
17505,2024-03-10,20.0
17509,2024-06-21,22.0
17520,2024-06-17,20.0
17539,2024-06-05,22.0
17576,2024-06-02,20.0
17577,2024-05-09,22.0
17620,2024-07-08,20.0
17637,2024-05-08,20.0
17639,2024-04-30,20.0
17650,2024-01-26,20.0
17653,2024-05-14,22.0
17658,2024-06-28,20.0
17688,2024-01-09,22.0
17698,2024-05-06,22.0
17708,2024-03-30,20.0
17710,2024-03-09,20.0
17712,2024-03-28,20.0
17719,2024-05-02,20.0
17720,2024-04-09,22.0
17726,2024-02-21,20.0
17731,2024-04-05,20.0
17763,2024-04-03,22.0
17772,2024-02-08,22.0
17786,2024-01-25,20.0
17793,2024-05-19,20.0
17810,2024-06-07,20.0
17827,2024-02-12,20.0
17851,2024-01-13,20.0
17857,2024-01-14,20.0
17867,2024-02-02,20.0
17868,2024-05-29,20.0
17888,2024-05-06,20.0
17895,2024-07-10,20.0
17898,2024-02-27,22.0
17925,2024-03-03,20.0
17931,2024-05-23,20.0
17932,2024-03-15,20.0
17945,2024-03-22,20.0
17977,2024-05-24,20.0
17981,2024-02-14,20.0
17989,2024-07-06,20.0
17992,2024-04-06,20.0
18017,2024-07-05,20.0
18019,2024-03-20,22.0
18022,2024-04-14,20.0
18024,2024-06-21,20.0
18032,2024-02-08,20.0
18040,2024-03-15,20.0
18044,2024-04-04,20.0
18048,2024-05-13,22.0
18057,2024-01-30,20.0
18071,2024-02-02,22.0
18082,2024-01-16,22.0
18088,2024-01-18,20.0
18090,2024-07-07,22.0
18094,2024-07-02,20.0
18107,2024-03-01,20.0
18113,2024-05-02,22.0
18140,2024-04-28,20.0
18158,2024-06-30,22.0
18171,2024-01-17,20.0
18181,2024-04-07,22.0
18182,2024-04-01,22.0
18201,2024-02-04,22.0
18203,2024-04-12,20.0
18210,2024-03-22,20.0
18215,2024-01-12,20.0
18224,2024-01-17,22.0
18237,2024-05-09,22.0
18238,2024-01-13,20.0
18242,2024-02-12,20.0
18252,2024-05-11,20.0
18255,2024-06-30,20.0
18263,2024-04-07,22.0
18282,2024-02-29,20.0
18284,2024-02-27,20.0
18288,2024-06-27,22.0
18291,2024-06-07,20.0
18298,2024-05-25,20.0
18302,2024-02-28,22.0
18304,2024-06-10,22.0
18312,2024-05-09,20.0
18336,2024-06-09,20.0
18348,2024-01-26,20.0
18367,2024-07-06,22.0
18404,2024-01-28,20.0
18407,2024-01-20,20.0
18417,2024-04-16,20.0
18419,2024-01-31,22.0
18420,2024-05-24,20.0
18428,2024-03-16,22.0
18441,2024-02-10,22.0
18450,2024-05-18,22.0
18452,2024-05-10,20.0
18465,2024-04-02,22.0
18471,2024-02-17,20.0
18518,2024-06-07,22.0
18524,2024-07-04,20.0
18555,2024-05-25,20.0
18583,2024-03-17,20.0
18586,2024-03-13,20.0
18597,2024-05-25,20.0
18598,2024-05-03,22.0
18601,2024-07-10,22.0
18611,2024-02-20,22.0
18620,2024-04-21,22.0
18621,2024-01-14,20.0
18623,2024-03-11,22.0
18624,2024-04-24,20.0
18635,2024-06-10,20.0
18636,2024-03-10,20.0
18651,2024-06-10,20.0
18661,2024-05-29,22.0
18665,2024-05-17,20.0
18676,2024-01-11,22.0
18683,2024-04-28,22.0
18685,2024-01-19,20.0
18687,2024-04-03,20.0
18697,2024-06-19,20.0
18699,2024-02-12,20.0
18700,2024-01-19,22.0
18704,2024-01-21,20.0
18713,2024-03-17,20.0
18724,2024-01-10,20.0
18731,2024-02-25,20.0
18736,2024-05-13,22.0
18782,2024-01-27,20.0
18795,2024-03-23,20.0
18797,2024-01-26,20.0
18799,2024-02-20,22.0
18807,2024-05-02,22.0
18811,2024-02-29,20.0
18813,2024-05-09,20.0
18823,2024-04-25,22.0
18827,2024-02-22,20.0
18828,2024-01-12,20.0
18849,2024-02-14,20.0
18850,2024-02-14,20.0
18857,2024-04-01,22.0
18872,2024-03-26,20.0
18875,2024-01-14,22.0
18876,2024-01-18,22.0
18883,2024-02-22,20.0
18894,2024-01-24,20.0
18918,2024-01-05,22.0
18934,2024-03-16,20.0
18946,2024-04-03,20.0
18950,2024-03-19,20.0
18953,2024-03-23,20.0
18969,2024-03-25,22.0
18986,2024-06-23,20.0
19022,2024-02-13,20.0
19040,2024-05-29,20.0
19047,2024-03-11,20.0
19048,2024-05-14,20.0
19059,2024-06-23,20.0
19064,2024-06-02,22.0
19074,2024-03-11,22.0
19078,2024-02-26,22.0
19086,2024-02-27,20.0
19089,2024-03-19,20.0
19093,2024-02-18,20.0
19108,2024-04-24,22.0
19123,2024-06-14,22.0
19126,2024-02-13,20.0
19129,2024-03-10,20.0
19135,2024-01-13,20.0
19141,2024-05-15,22.0
19150,2024-04-28,20.0
19160,2024-05-06,22.0
19161,2024-05-21,22.0
19167,2024-07-11,22.0
19218,2024-06-30,22.0
19222,2024-03-31,20.0
19228,2024-02-11,22.0
19239,2024-06-04,22.0
19242,2024-03-26,22.0
19265,2024-06-28,22.0
19291,2024-04-10,20.0
19297,2024-05-17,22.0
19302,2024-02-26,20.0
19304,2024-02-15,22.0
19327,2024-02-20,20.0
19331,2024-06-30,22.0
19342,2024-03-26,20.0
19348,2024-06-14,20.0
19353,2024-05-21,22.0
19368,2024-04-28,20.0
19374,2024-06-10,20.0
19377,2024-02-20,20.0
19411,2024-05-12,22.0
19412,2024-07-02,22.0
19420,2024-02-17,22.0
19429,2024-02-19,22.0
19432,2024-03-04,20.0
19433,2024-02-23,22.0
19439,2024-04-30,22.0
19465,2024-05-21,22.0
19472,2024-03-31,20.0
19474,2024-05-28,20.0
19491,2024-02-23,20.0
19494,2024-07-04,20.0
19504,2024-02-05,20.0
19513,2024-03-16,20.0
19514,2024-04-30,20.0
19546,2024-05-28,22.0
19553,2024-01-23,20.0
19559,2024-06-15,22.0
19560,2024-02-09,20.0
19570,2024-04-20,20.0
19574,2024-03-27,20.0
19575,2024-02-24,20.0
19584,2024-01-06,22.0
19593,2024-06-20,22.0
19594,2024-04-23,20.0
19600,2024-03-25,20.0
19607,2024-02-11,20.0
19611,2024-01-25,22.0
19615,2024-05-11,22.0
19617,2024-05-22,20.0
19624,2024-05-25,20.0
19627,2024-04-19,20.0
19629,2024-03-04,22.0
19630,2024-02-26,22.0
19637,2024-01-07,20.0
19654,2024-04-16,20.0
19656,2024-01-04,20.0
19657,2024-05-20,22.0
19663,2024-06-13,20.0
19664,2024-05-16,20.0
19676,2024-02-21,22.0
19699,2024-01-21,20.0
19754,2024-07-01,20.0
19763,2024-06-12,20.0
19773,2024-04-08,20.0
19782,2024-05-16,20.0
19792,2024-05-25,20.0
19824,2024-01-17,20.0
19848,2024-06-24,20.0
19849,2024-03-10,20.0
19854,2024-02-29,20.0
19864,2024-05-09,22.0
19881,2024-05-22,20.0
19886,2024-01-20,20.0
19887,2024-03-02,22.0
19898,2024-06-24,20.0
19904,2024-06-29,22.0
19916,2024-02-02,20.0
19918,2024-02-06,20.0
19922,2024-07-02,20.0
19928,2024-04-11,22.0
19950,2024-05-22,20.0
19956,2024-06-20,22.0
19970,2024-02-26,20.0
19990,2024-05-16,20.0
20005,2024-05-24,22.0
20008,2024-04-15,20.0
20024,2024-03-15,20.0
20030,2024-03-14,20.0
20031,2024-04-29,20.0
20036,2024-04-03,20.0
20071,2024-06-17,20.0
20081,2024-06-28,20.0
20093,2024-01-24,22.0
20098,2024-03-31,20.0
20108,2024-03-26,20.0
20124,2024-03-06,22.0
20125,2024-06-22,20.0
20127,2024-04-02,22.0
20131,2024-06-07,20.0
20132,2024-02-03,20.0
20153,2024-03-10,20.0
20154,2024-03-29,22.0
20161,2024-05-19,20.0
20172,2024-06-04,20.0
20175,2024-05-04,20.0
20177,2024-02-29,20.0
20184,2024-06-02,20.0
20192,2024-01-15,20.0
20209,2024-04-04,20.0
20213,2024-05-25,20.0
20216,2024-06-26,22.0
20220,2024-01-05,22.0
20225,2024-03-15,22.0
20226,2024-03-13,20.0
20229,2024-03-11,22.0
20240,2024-07-04,22.0
20244,2024-06-20,20.0
20248,2024-01-24,22.0
20249,2024-01-17,20.0
20274,2024-05-20,22.0
20279,2024-05-02,20.0
20292,2024-06-16,20.0
20301,2024-02-22,22.0
20314,2024-05-13,20.0
20320,2024-05-13,20.0
20323,2024-04-18,20.0
20325,2024-05-07,20.0
20335,2024-02-08,22.0
20339,2024-06-19,20.0
20379,2024-03-22,20.0
20384,2024-02-01,20.0
20386,2024-02-26,20.0
20407,2024-03-24,22.0
20418,2024-07-04,22.0
20434,2024-06-01,22.0
20447,2024-04-17,20.0
20451,2024-05-09,20.0
20452,2024-01-22,22.0
20457,2024-04-21,22.0
20460,2024-03-29,22.0
20470,2024-06-20,22.0
20471,2024-06-02,20.0
20476,2024-02-04,22.0
20501,2024-05-26,22.0
20515,2024-05-21,20.0
20524,2024-03-12,22.0
20529,2024-05-01,20.0
20530,2024-06-19,22.0
20531,2024-01-12,22.0
20533,2024-03-28,22.0
20541,2024-03-30,20.0
20544,2024-01-19,20.0
20548,2024-03-23,20.0
20587,2024-03-14,20.0
20591,2024-04-24,20.0
20598,2024-06-07,22.0
20609,2024-04-16,20.0
20618,2024-05-20,20.0
20619,2024-05-29,22.0
20626,2024-05-04,20.0
20631,2024-06-12,22.0
20640,2024-02-22,20.0
20644,2024-01-15,20.0
20645,2024-04-27,20.0
20659,2024-06-11,20.0
20660,2024-02-02,22.0
20677,2024-05-18,20.0
20688,2024-07-04,20.0
20693,2024-06-24,22.0
20696,2024-01-17,20.0
20702,2024-01-26,20.0
20727,2024-01-31,20.0
20737,2024-02-17,22.0
20741,2024-03-29,20.0
20748,2024-05-17,20.0
20771,2024-03-22,20.0
20781,2024-01-13,20.0
20787,2024-02-05,22.0
20798,2024-06-11,20.0
20800,2024-06-19,20.0
20805,2024-05-09,20.0
20810,2024-04-28,20.0
20833,2024-01-22,20.0
20842,2024-05-30,20.0
20844,2024-05-12,20.0
20852,2024-06-29,22.0
20853,2024-05-29,20.0
20855,2024-07-04,20.0
20870,2024-02-23,22.0
20879,2024-05-14,20.0
20884,2024-01-26,22.0
20887,2024-02-08,22.0
20909,2024-02-12,22.0
20916,2024-06-07,22.0
20917,2024-03-24,22.0
20943,2024-05-26,22.0
20946,2024-02-25,22.0
20949,2024-04-03,22.0
20951,2024-03-07,22.0
20967,2024-04-09,20.0
20977,2024-03-14,22.0
20986,2024-01-25,20.0
21018,2024-05-02,20.0
21033,2024-04-19,20.0
21034,2024-07-01,20.0
21066,2024-04-01,22.0
21069,2024-03-15,22.0
21070,2024-03-23,20.0
21075,2024-05-30,20.0
21076,2024-04-10,22.0
21077,2024-03-04,20.0
21088,2024-04-16,20.0
21093,2024-03-23,20.0
21110,2024-04-30,20.0
21121,2024-04-06,22.0
21126,2024-01-29,20.0
21144,2024-05-02,20.0
21153,2024-04-15,22.0
21169,2024-03-14,22.0
21176,2024-02-18,20.0
21180,2024-02-10,20.0
21188,2024-04-17,22.0
21190,2024-06-24,22.0
21196,2024-06-28,22.0
21201,2024-05-09,22.0
21204,2024-04-10,22.0
21208,2024-03-26,20.0
21214,2024-06-09,22.0
21219,2024-02-18,20.0
21229,2024-04-19,20.0
21238,2024-03-04,20.0
21239,2024-05-25,22.0
21245,2024-02-10,22.0
21270,2024-05-07,20.0
21276,2024-06-12,20.0
21284,2024-02-27,22.0
21290,2024-02-07,22.0
21331,2024-05-14,22.0
21342,2024-03-08,20.0
21346,2024-02-03,20.0
21349,2024-04-10,22.0
21369,2024-06-29,20.0
21375,2024-02-24,20.0
21390,2024-06-03,20.0
21398,2024-02-13,20.0
21408,2024-06-14,20.0
21417,2024-03-30,20.0
21421,2024-05-03,22.0
21437,2024-01-20,20.0
21440,2024-04-01,22.0
21441,2024-06-21,20.0
21447,2024-05-10,20.0
21448,2024-01-27,22.0
21449,2024-05-17,20.0
21451,2024-06-19,20.0
21460,2024-05-17,20.0
21462,2024-02-07,20.0
21467,2024-07-09,20.0
21482,2024-06-11,20.0
21492,2024-05-16,20.0
21497,2024-03-22,22.0
21514,2024-01-22,22.0
21517,2024-05-08,20.0
21537,2024-04-23,20.0
21542,2024-02-23,22.0
21545,2024-07-05,20.0
21546,2024-04-14,22.0
21555,2024-02-19,20.0
21568,2024-04-05,20.0
21575,2024-03-24,20.0
21587,2024-04-16,20.0
21593,2024-05-11,20.0
21596,2024-03-29,20.0
21598,2024-01-10,20.0
21604,2024-03-07,20.0
21618,2024-06-01,20.0
21630,2024-04-26,22.0
21632,2024-07-04,20.0
21636,2024-06-02,20.0
21638,2024-02-04,22.0
21648,2024-05-17,22.0
21649,2024-04-16,20.0
21657,2024-05-22,22.0
21662,2024-06-23,20.0
21663,2024-02-07,20.0
21664,2024-02-13,22.0
21666,2024-05-31,20.0
21671,2024-05-28,20.0
21676,2024-05-21,20.0
21680,2024-04-10,20.0
21686,2024-05-05,22.0
21688,2024-03-18,20.0
21690,2024-04-20,20.0
21692,2024-06-07,22.0
21694,2024-02-29,20.0
21700,2024-03-18,22.0
21710,2024-06-05,20.0
21752,2024-05-25,20.0
21759,2024-05-14,20.0
21766,2024-01-14,22.0
21783,2024-07-02,20.0
21788,2024-04-02,20.0
21797,2024-06-02,20.0
21813,2024-03-12,20.0
21821,2024-04-29,20.0
21832,2024-06-17,22.0
21837,2024-01-17,20.0
21851,2024-05-03,20.0
21853,2024-03-02,20.0
21858,2024-01-15,22.0
21859,2024-03-03,20.0
21879,2024-05-09,22.0
21896,2024-02-01,22.0
21903,2024-03-05,20.0
21906,2024-01-22,22.0
21929,2024-05-13,20.0
21935,2024-01-28,20.0
21943,2024-01-26,20.0
21955,2024-01-26,20.0
21961,2024-05-31,20.0
21970,2024-01-19,22.0
21974,2024-05-18,22.0
21994,2024-05-13,20.0
22001,2024-03-06,22.0
22010,2024-05-21,20.0
22028,2024-07-01,22.0
22066,2024-06-23,20.0
22076,2024-02-25,20.0
22078,2024-02-20,20.0
22085,2024-01-14,20.0
22089,2024-03-29,20.0
22091,2024-05-17,20.0
22123,2024-05-17,20.0
22126,2024-03-12,20.0
22131,2024-06-15,20.0
22138,2024-01-14,20.0
22148,2024-01-23,22.0
22149,2024-05-01,20.0
22160,2024-06-22,20.0
22177,2024-03-20,22.0
22178,2024-02-26,20.0
22187,2024-01-22,20.0
22191,2024-02-19,22.0
22209,2024-06-22,20.0
22230,2024-04-14,20.0
22233,2024-06-13,22.0
22237,2024-01-13,20.0
22252,2024-02-25,20.0
22258,2024-02-04,20.0
22259,2024-06-02,20.0
22263,2024-05-23,20.0
22273,2024-03-22,22.0
22275,2024-04-19,22.0
22276,2024-05-13,20.0
22282,2024-06-26,20.0
22285,2024-01-16,20.0
22293,2024-06-08,20.0
22331,2024-01-23,22.0
22333,2024-04-25,20.0
22356,2024-04-23,20.0
22362,2024-03-12,20.0
22367,2024-02-19,22.0
22398,2024-04-27,22.0
22405,2024-01-10,20.0
22406,2024-04-19,20.0
22417,2024-03-21,22.0
22418,2024-05-25,20.0
22427,2024-05-11,20.0
22430,2024-06-14,22.0
22433,2024-01-21,22.0
22452,2024-03-26,22.0
22467,2024-02-15,20.0
22476,2024-05-12,20.0
22493,2024-03-13,22.0
22499,2024-01-20,22.0
22501,2024-03-04,22.0
22502,2024-06-13,20.0
22517,2024-05-05,20.0
22523,2024-02-26,22.0
22524,2024-02-03,22.0
22531,2024-03-29,20.0
22533,2024-06-01,20.0
22539,2024-06-09,20.0
22562,2024-01-26,20.0
22571,2024-02-12,20.0
22589,2024-06-05,20.0
22595,2024-06-19,22.0
22598,2024-01-14,20.0
22618,2024-03-30,20.0
22636,2024-02-29,20.0
22685,2024-01-26,20.0
22686,2024-04-03,20.0
22689,2024-05-23,20.0
22695,2024-07-09,20.0
22724,2024-02-06,22.0
22737,2024-01-20,20.0
22752,2024-05-08,20.0
22759,2024-02-24,20.0
22760,2024-05-28,22.0
22765,2024-02-12,20.0
22766,2024-03-01,20.0
22772,2024-06-07,22.0
22773,2024-03-16,20.0
22786,2024-06-11,20.0
22795,2024-03-21,20.0
22808,2024-03-17,20.0
22816,2024-05-26,20.0
22828,2024-04-02,20.0
22834,2024-02-16,22.0
22836,2024-04-10,20.0
22847,2024-05-15,20.0
22852,2024-05-04,20.0
22861,2024-02-23,20.0
22878,2024-05-02,20.0
22893,2024-02-20,20.0
22894,2024-07-01,20.0
22895,2024-02-06,20.0
22904,2024-04-03,22.0
22919,2024-01-09,22.0
22924,2024-01-17,20.0
22931,2024-02-12,20.0
22956,2024-05-25,20.0
22958,2024-04-18,20.0
22960,2024-06-18,22.0
22961,2024-02-13,22.0
22982,2024-02-06,22.0
22983,2024-05-01,20.0
23001,2024-02-19,20.0
23008,2024-06-15,20.0
23012,2024-02-05,20.0
23027,2024-02-26,22.0
23028,2024-05-15,22.0
23031,2024-03-09,22.0
23045,2024-03-26,20.0
23047,2024-07-07,22.0
23056,2024-03-19,20.0
23069,2024-05-20,20.0
23071,2024-05-14,20.0
23074,2024-03-09,20.0
23096,2024-06-06,22.0
23105,2024-02-25,20.0
23114,2024-05-14,22.0
23115,2024-04-07,22.0
23121,2024-03-29,22.0
23123,2024-07-02,22.0
23125,2024-03-06,20.0
23132,2024-05-23,22.0
23138,2024-03-19,22.0
23141,2024-03-19,20.0
23143,2024-01-25,20.0
23157,2024-06-02,20.0
23158,2024-04-12,20.0
23170,2024-01-22,20.0
23176,2024-06-04,20.0
23184,2024-02-15,22.0
23188,2024-02-17,20.0
23213,2024-01-28,20.0
23224,2024-04-01,22.0
23225,2024-05-08,22.0
23232,2024-03-24,20.0
23243,2024-06-05,20.0
23244,2024-03-20,22.0
23250,2024-01-12,22.0
23254,2024-04-25,20.0
23258,2024-01-24,20.0
23277,2024-02-10,22.0
23278,2024-05-22,22.0
23280,2024-04-12,20.0
23285,2024-04-10,20.0
23290,2024-05-07,22.0
23298,2024-04-15,20.0
23299,2024-01-31,20.0
23308,2024-02-13,20.0
23323,2024-03-07,20.0
23324,2024-05-28,22.0
23335,2024-06-29,20.0
23339,2024-03-06,20.0
23380,2024-01-17,20.0
23381,2024-03-03,22.0
23389,2024-02-26,22.0
23418,2024-05-01,20.0
23439,2024-06-24,20.0
23444,2024-01-30,20.0
23459,2024-04-03,20.0
23465,2024-05-07,20.0
23472,2024-02-13,20.0
23486,2024-07-03,20.0
23506,2024-03-08,22.0
23526,2024-03-13,20.0
23527,2024-06-26,20.0
23541,2024-05-18,20.0
23549,2024-02-02,22.0
23550,2024-04-23,22.0
23566,2024-03-07,22.0
23573,2024-04-28,20.0
23589,2024-04-10,22.0
23590,2024-04-16,22.0
23600,2024-07-04,22.0
23612,2024-06-22,20.0
23627,2024-05-20,22.0
23646,2024-02-23,20.0
23648,2024-07-01,22.0
23653,2024-06-23,22.0
23665,2024-05-01,22.0
23667,2024-06-19,22.0
23669,2024-04-08,20.0
23670,2024-02-13,20.0
23672,2024-02-26,20.0
23676,2024-01-12,22.0
23679,2024-01-24,20.0
23682,2024-06-18,20.0
23684,2024-02-06,20.0
23692,2024-05-07,20.0
23703,2024-02-01,20.0
23709,2024-03-13,20.0
23715,2024-06-02,20.0
23718,2024-02-03,22.0
23724,2024-06-05,20.0
23726,2024-05-09,20.0
23727,2024-05-05,22.0
23733,2024-02-26,20.0
23751,2024-03-29,22.0
23765,2024-06-06,22.0
23766,2024-02-20,20.0
23817,2024-06-22,22.0
23839,2024-06-04,20.0
23843,2024-05-28,20.0
23856,2024-03-20,22.0
23858,2024-02-27,20.0
23862,2024-02-10,20.0
23892,2024-04-16,22.0
23902,2024-02-12,20.0
23908,2024-04-03,20.0
23910,2024-03-28,22.0
23932,2024-03-15,22.0
23941,2024-03-05,20.0
23949,2024-02-10,20.0
23961,2024-01-28,22.0
23967,2024-06-30,20.0
23978,2024-05-24,22.0
23994,2024-04-19,22.0
23998,2024-05-05,20.0
23999,2024-01-28,22.0
24016,2024-03-04,20.0
24029,2024-05-27,20.0
24036,2024-06-19,22.0
24043,2024-04-16,22.0
24046,2024-01-20,20.0
24068,2024-04-27,20.0
24069,2024-03-15,20.0
24073,2024-05-09,20.0
24079,2024-06-18,20.0
24086,2024-02-20,20.0
24088,2024-07-03,22.0
24092,2024-03-31,20.0
24099,2024-07-02,22.0
24111,2024-04-05,20.0
24149,2024-06-06,22.0
24150,2024-05-03,22.0
24159,2024-07-05,20.0
24170,2024-04-03,20.0
24172,2024-04-25,20.0
24175,2024-06-15,22.0
24196,2024-03-28,20.0
24197,2024-04-01,22.0
24203,2024-06-08,20.0
24226,2024-05-11,20.0
24236,2024-01-30,20.0
24239,2024-05-30,22.0
24257,2024-05-19,20.0
24261,2024-03-23,20.0
24275,2024-05-25,22.0
24291,2024-03-22,22.0
24327,2024-02-12,22.0
24333,2024-04-13,22.0
24340,2024-05-29,22.0
24344,2024-06-12,22.0
24358,2024-01-11,20.0
24362,2024-02-07,20.0
24363,2024-05-21,22.0
24364,2024-04-03,22.0
24368,2024-02-21,20.0
24384,2024-03-11,20.0
24386,2024-01-04,22.0
24393,2024-04-16,20.0
24394,2024-01-12,20.0
24417,2024-04-27,20.0
24422,2024-04-22,22.0
24439,2024-07-04,20.0
24453,2024-04-22,20.0
24467,2024-02-24,20.0
24492,2024-02-06,22.0
24494,2024-02-27,22.0
24499,2024-05-06,20.0
24501,2024-04-18,20.0
24506,2024-01-17,22.0
24509,2024-02-24,20.0
24514,2024-02-25,22.0
24518,2024-04-21,20.0
24542,2024-01-13,20.0
24554,2024-01-17,20.0
24562,2024-01-27,20.0
24576,2024-05-25,20.0
24584,2024-02-26,20.0
24597,2024-05-24,20.0
24601,2024-06-23,20.0
24605,2024-05-05,20.0
24609,2024-06-14,20.0
24615,2024-04-27,20.0
24623,2024-04-15,20.0
24636,2024-02-02,20.0
24637,2024-05-13,22.0
24640,2024-02-01,22.0
24641,2024-05-06,22.0
24648,2024-05-25,20.0
24667,2024-03-03,22.0
24668,2024-02-29,20.0
24670,2024-03-24,22.0
24679,2024-05-29,20.0
24681,2024-03-25,22.0
24696,2024-02-04,20.0
24701,2024-01-25,20.0
24703,2024-01-17,22.0
24708,2024-05-27,20.0
24712,2024-01-09,20.0
24723,2024-05-16,22.0
24725,2024-03-23,22.0
24741,2024-01-10,22.0
24747,2024-04-26,20.0
24753,2024-03-21,22.0
24755,2024-03-03,20.0
24770,2024-02-12,22.0
24776,2024-04-29,20.0
24800,2024-01-31,20.0
24804,2024-05-02,22.0
24810,2024-01-27,20.0
24849,2024-03-15,20.0
24853,2024-06-11,22.0
24854,2024-03-12,20.0
24875,2024-01-29,22.0
24881,2024-03-15,22.0
24882,2024-06-04,22.0
24889,2024-05-15,20.0
24892,2024-02-13,20.0
24893,2024-01-17,20.0
24907,2024-01-20,22.0
24913,2024-01-22,20.0
24914,2024-02-14,20.0
24918,2024-05-06,22.0
24920,2024-05-20,22.0
24924,2024-05-14,22.0
24958,2024-06-05,20.0
24966,2024-06-06,20.0
24969,2024-05-17,22.0
24982,2024-05-02,20.0
24985,2024-05-31,20.0
24989,2024-04-18,22.0
25007,2024-05-23,20.0
25011,2024-05-11,20.0
25045,2024-02-07,20.0
25047,2024-07-04,20.0
25071,2024-03-29,20.0
25085,2024-04-10,20.0
25093,2024-04-16,22.0
25096,2024-05-31,20.0
25105,2024-01-20,20.0
25112,2024-03-31,20.0
25126,2024-06-08,20.0
25127,2024-02-14,20.0
25129,2024-03-01,20.0
25137,2024-04-02,22.0
25153,2024-03-25,20.0
25170,2024-02-26,20.0
25175,2024-02-14,22.0
25183,2024-05-21,20.0
25201,2024-06-13,22.0
25246,2024-04-27,22.0
25253,2024-06-08,20.0
25260,2024-05-03,22.0
25265,2024-06-16,22.0
25275,2024-03-16,22.0
25288,2024-07-07,22.0
25295,2024-01-13,22.0
25310,2024-02-06,22.0
25317,2024-05-21,20.0
25321,2024-06-08,20.0
25325,2024-05-12,22.0
25333,2024-06-14,22.0
25336,2024-03-11,22.0
25348,2024-03-08,20.0
25350,2024-01-25,20.0
25357,2024-04-24,22.0
25371,2024-04-27,20.0
25373,2024-04-22,22.0
25375,2024-06-07,20.0
25379,2024-02-10,20.0
25385,2024-01-26,20.0
25387,2024-06-14,22.0
25402,2024-04-25,20.0
25416,2024-03-26,20.0
25440,2024-04-11,20.0
25443,2024-03-03,20.0
25464,2024-04-22,20.0
25467,2024-04-01,22.0
25469,2024-05-10,20.0
25481,2024-04-06,20.0
25485,2024-03-17,20.0
25507,2024-06-14,22.0
25515,2024-04-13,22.0
25529,2024-07-03,20.0
25533,2024-05-15,22.0
25539,2024-06-09,20.0
25594,2024-06-27,22.0
25595,2024-05-19,22.0
25600,2024-02-12,22.0
25603,2024-04-16,22.0
25605,2024-02-15,22.0
25607,2024-05-23,20.0
25627,2024-07-01,20.0
25638,2024-04-02,22.0
25645,2024-05-27,22.0
25651,2024-02-08,20.0
25654,2024-03-23,20.0
25666,2024-05-17,20.0
25687,2024-02-14,20.0
25699,2024-03-20,20.0
25710,2024-04-23,20.0
25747,2024-02-23,20.0
25750,2024-06-30,22.0
25766,2024-05-25,20.0
25786,2024-02-03,22.0
25788,2024-03-12,20.0
25798,2024-04-23,20.0
25832,2024-04-13,20.0
25835,2024-01-23,22.0
25840,2024-03-16,22.0
25850,2024-05-06,20.0
25857,2024-04-25,22.0
25872,2024-02-16,20.0
25873,2024-05-28,20.0
25882,2024-06-12,20.0
25885,2024-03-28,20.0
25897,2024-04-13,22.0
25906,2024-03-15,22.0
25930,2024-03-29,20.0
25935,2024-02-23,20.0
25940,2024-04-06,20.0
25961,2024-06-05,20.0
25974,2024-04-02,20.0
25979,2024-07-09,22.0
25989,2024-04-27,20.0
25994,2024-05-14,20.0
25998,2024-05-18,22.0
26003,2024-05-20,22.0
26011,2024-05-03,20.0
26027,2024-04-17,20.0
26029,2024-03-11,20.0
26030,2024-02-27,20.0
26054,2024-05-14,22.0
26080,2024-05-23,22.0
26085,2024-02-18,20.0
26103,2024-06-25,20.0
26113,2024-01-26,20.0
26126,2024-06-18,20.0
26136,2024-04-13,22.0
26154,2024-04-03,20.0
26168,2024-02-12,20.0
26176,2024-02-27,20.0
26197,2024-04-19,20.0
26200,2024-04-22,20.0
26202,2024-05-25,20.0
26211,2024-02-15,20.0
26215,2024-04-28,22.0
26231,2024-04-12,20.0
26234,2024-01-25,20.0
26245,2024-04-09,22.0
26247,2024-02-19,22.0
26266,2024-02-23,22.0
26270,2024-05-21,22.0
26273,2024-03-19,22.0
26288,2024-04-15,20.0
26289,2024-07-03,22.0
26301,2024-05-08,20.0
26308,2024-05-04,22.0
26329,2024-03-13,22.0
26339,2024-03-28,20.0
26341,2024-01-09,22.0
26350,2024-02-06,22.0
26352,2024-01-11,20.0
26371,2024-05-25,20.0
26405,2024-03-27,20.0
26427,2024-04-28,20.0
26447,2024-03-05,22.0
26461,2024-01-07,22.0
26463,2024-02-16,20.0
26464,2024-01-30,22.0
26484,2024-05-25,20.0
26497,2024-03-01,20.0
26502,2024-02-03,20.0
26504,2024-06-11,20.0
26513,2024-04-12,20.0
26515,2024-04-28,20.0
26518,2024-05-13,20.0
26536,2024-05-07,20.0
26550,2024-06-13,22.0
26551,2024-06-23,20.0
26590,2024-01-21,20.0
26594,2024-07-03,20.0
26606,2024-01-25,20.0
26610,2024-06-24,20.0
26659,2024-03-23,20.0
26662,2024-07-05,22.0
26663,2024-05-20,20.0
26667,2024-02-09,22.0
26669,2024-02-07,20.0
26679,2024-06-13,22.0
26710,2024-02-16,20.0
26736,2024-04-02,20.0
26742,2024-04-05,22.0
26775,2024-06-04,20.0
26778,2024-05-22,20.0
26787,2024-02-12,20.0
26804,2024-07-11,20.0
26805,2024-02-12,22.0
26812,2024-02-24,22.0
26827,2024-01-30,20.0
26850,2024-03-15,20.0
26851,2024-02-28,20.0
26853,2024-03-21,22.0
26862,2024-02-21,20.0
26899,2024-05-15,22.0
26907,2024-05-27,22.0
26908,2024-04-02,20.0
26930,2024-05-09,22.0
26933,2024-01-26,20.0
26934,2024-01-22,20.0
26939,2024-02-23,22.0
26950,2024-03-05,20.0
26951,2024-03-17,20.0
26965,2024-06-17,20.0
26967,2024-05-03,22.0
26977,2024-01-15,22.0
26994,2024-01-24,20.0
27000,2024-02-21,20.0
27001,2024-04-17,20.0
27004,2024-03-22,20.0
27008,2024-04-14,22.0
27012,2024-06-19,22.0
27023,2024-04-04,20.0
27044,2024-03-01,22.0
27053,2024-06-17,20.0
27054,2024-06-25,20.0
27066,2024-03-29,20.0
27076,2024-02-01,20.0
27081,2024-05-26,20.0
27101,2024-06-11,20.0
27103,2024-04-29,22.0
27107,2024-02-20,22.0
27109,2024-06-10,22.0
27114,2024-05-22,20.0
27130,2024-02-14,22.0
27143,2024-04-19,20.0
27144,2024-07-03,20.0
27145,2024-04-29,20.0
27149,2024-04-21,20.0
27156,2024-05-19,22.0
27169,2024-04-06,22.0
27176,2024-01-10,20.0
27179,2024-06-16,22.0
27197,2024-04-24,20.0
27207,2024-02-03,20.0
27208,2024-05-26,20.0
27230,2024-05-28,20.0
27240,2024-05-22,22.0
27243,2024-05-15,20.0
27245,2024-05-01,20.0
27246,2024-02-25,20.0
27265,2024-04-12,20.0
27276,2024-03-31,20.0
27279,2024-04-05,20.0
27328,2024-05-05,20.0
27339,2024-04-24,20.0
27346,2024-06-27,22.0
27367,2024-01-18,22.0
27379,2024-01-20,22.0
27385,2024-06-06,20.0
27388,2024-01-14,20.0
27392,2024-02-03,20.0
27402,2024-01-18,20.0
27409,2024-03-19,20.0
27432,2024-05-20,22.0
27439,2024-06-18,22.0
27440,2024-02-02,20.0
27441,2024-02-11,20.0
27474,2024-05-19,22.0
27483,2024-04-22,20.0
27502,2024-03-05,20.0
27519,2024-06-20,20.0
27522,2024-03-26,20.0
27524,2024-05-05,20.0
27533,2024-02-20,20.0
27544,2024-05-11,22.0
27553,2024-06-29,20.0
27562,2024-02-02,22.0
27563,2024-06-17,20.0
27576,2024-07-04,22.0
27582,2024-05-06,20.0
27586,2024-05-08,20.0
27594,2024-01-16,20.0
27610,2024-03-09,20.0
27615,2024-02-01,22.0
27616,2024-04-27,22.0
27618,2024-03-01,20.0
27619,2024-04-27,20.0
27621,2024-04-13,20.0
27629,2024-05-17,22.0
27645,2024-05-02,20.0
27658,2024-01-20,22.0
27662,2024-03-15,22.0
27663,2024-01-24,22.0
27671,2024-06-27,22.0
27685,2024-02-08,20.0
27697,2024-01-16,20.0
27714,2024-04-26,20.0
27718,2024-05-14,20.0
27721,2024-02-11,22.0
27727,2024-01-31,22.0
27734,2024-04-11,22.0
27735,2024-02-09,20.0
27746,2024-02-09,20.0
27749,2024-05-26,20.0
27750,2024-07-08,22.0
27756,2024-07-05,22.0
27764,2024-01-20,20.0
27765,2024-03-14,22.0
27776,2024-01-14,20.0
27792,2024-05-06,20.0
27797,2024-06-19,20.0
27800,2024-01-02,22.0
27809,2024-04-17,22.0
27813,2024-02-11,20.0
27829,2024-01-15,20.0
27832,2024-04-03,20.0
27834,2024-04-10,20.0
27837,2024-05-26,22.0
27841,2024-04-30,22.0
27855,2024-01-26,22.0
27875,2024-03-05,20.0
27878,2024-07-01,20.0
27887,2024-05-04,20.0
27902,2024-04-27,22.0
27924,2024-06-18,20.0
27947,2024-03-11,22.0
27965,2024-03-05,20.0
27966,2024-05-20,20.0
27981,2024-05-07,22.0
28008,2024-06-22,20.0
28026,2024-01-17,20.0
28056,2024-03-31,20.0
28057,2024-06-30,22.0
28081,2024-05-30,20.0
28083,2024-02-26,20.0
28094,2024-04-03,20.0
28095,2024-06-22,22.0
28096,2024-03-17,20.0
28099,2024-01-29,20.0
28100,2024-04-03,20.0
28119,2024-03-08,20.0
28120,2024-03-04,22.0
28121,2024-02-26,20.0
28134,2024-03-05,22.0
28141,2024-06-06,20.0
28148,2024-05-29,20.0
28175,2024-02-23,20.0
28181,2024-03-18,22.0
28188,2024-06-26,20.0
28200,2024-01-13,20.0
28207,2024-05-17,20.0
28225,2024-02-25,22.0
28239,2024-02-17,20.0
28256,2024-04-30,20.0
28271,2024-05-27,22.0
28272,2024-04-13,20.0
28301,2024-05-20,20.0
28329,2024-03-09,20.0
28369,2024-01-30,20.0
28376,2024-02-01,20.0
28377,2024-03-18,22.0
28396,2024-05-25,20.0
28405,2024-06-24,20.0
28406,2024-03-31,22.0
28408,2024-02-07,20.0
28415,2024-01-31,20.0
28420,2024-05-27,20.0
28425,2024-04-30,20.0
28429,2024-02-03,22.0
28436,2024-02-03,20.0
28441,2024-06-20,20.0
28444,2024-04-06,20.0
28446,2024-02-26,20.0
28456,2024-03-19,22.0
28466,2024-06-11,20.0
28469,2024-01-22,22.0
28484,2024-06-23,20.0
28491,2024-07-02,20.0
28493,2024-02-05,20.0
28502,2024-01-15,20.0
28512,2024-05-22,20.0
28522,2024-03-24,20.0
28523,2024-06-24,22.0
28548,2024-01-16,22.0
28552,2024-01-11,20.0
28554,2024-06-24,22.0
28557,2024-04-16,22.0
28559,2024-01-26,20.0
28565,2024-01-29,20.0
28566,2024-03-21,20.0
28569,2024-02-08,20.0
28577,2024-03-31,20.0
28590,2024-04-03,22.0
28591,2024-02-29,20.0
28594,2024-03-14,20.0
28595,2024-01-31,20.0
28596,2024-04-06,22.0
28598,2024-03-13,20.0
28600,2024-02-20,20.0
28609,2024-04-27,20.0
28614,2024-05-12,22.0
28615,2024-06-15,20.0
28623,2024-01-19,22.0
28624,2024-05-26,22.0
28642,2024-03-25,20.0
28643,2024-03-15,22.0
28652,2024-05-05,20.0
28665,2024-05-29,22.0
28692,2024-04-02,22.0
28704,2024-04-25,20.0
28726,2024-06-08,20.0
28728,2024-06-07,20.0
28729,2024-05-14,20.0
28752,2024-05-04,20.0
28753,2024-05-07,22.0
28764,2024-04-25,20.0
28779,2024-05-19,20.0
28793,2024-06-13,20.0
28812,2024-01-22,22.0
28822,2024-04-15,20.0
28823,2024-01-15,22.0
28850,2024-04-30,22.0
28859,2024-03-21,20.0
28865,2024-05-14,20.0
28870,2024-07-02,22.0
28893,2024-01-29,20.0
28900,2024-04-24,20.0
28905,2024-04-18,22.0
28926,2024-03-24,20.0
28970,2024-06-29,20.0
28974,2024-02-24,22.0
29029,2024-05-28,22.0
29030,2024-04-10,22.0
29050,2024-03-04,20.0
29073,2024-05-04,22.0
29081,2024-04-07,20.0
29111,2024-06-23,20.0
29121,2024-03-28,20.0
29124,2024-03-09,22.0
29125,2024-04-11,22.0
29130,2024-04-22,20.0
29133,2024-06-12,20.0
29135,2024-06-11,20.0
29141,2024-04-01,20.0
29143,2024-03-27,22.0
29146,2024-03-14,22.0
29178,2024-02-25,20.0
29183,2024-03-05,20.0
29206,2024-03-03,22.0
29207,2024-06-10,20.0
29211,2024-04-27,22.0
29230,2024-03-12,22.0
29231,2024-04-30,22.0
29236,2024-02-21,20.0
29244,2024-05-21,20.0
29248,2024-03-08,20.0
29269,2024-05-26,20.0
29287,2024-02-14,22.0
29294,2024-04-01,20.0
29300,2024-02-11,22.0
29305,2024-05-01,20.0
29310,2024-06-03,22.0
29311,2024-07-05,20.0
29319,2024-07-08,20.0
29321,2024-03-18,20.0
29323,2024-06-24,20.0
29338,2024-01-04,20.0
29339,2024-05-20,22.0
29356,2024-01-23,20.0
29366,2024-04-21,20.0
29368,2024-05-05,20.0
29374,2024-05-18,22.0
29385,2024-06-12,20.0
29391,2024-05-27,20.0
29397,2024-02-28,20.0
29398,2024-04-10,20.0
29420,2024-06-29,20.0
29426,2024-01-29,22.0
29438,2024-01-31,22.0
29444,2024-06-28,20.0
29447,2024-05-24,20.0
29448,2024-07-08,20.0
29468,2024-06-10,20.0
29472,2024-03-07,20.0
29481,2024-06-06,20.0
29486,2024-06-14,20.0
29491,2024-04-10,22.0
29493,2024-02-13,20.0
29497,2024-06-18,22.0
29506,2024-03-18,20.0
29510,2024-01-29,20.0
29519,2024-03-07,22.0
29523,2024-05-24,20.0
29533,2024-01-08,22.0
29536,2024-04-12,20.0
29543,2024-05-30,22.0
29557,2024-03-31,22.0
29573,2024-07-07,20.0
29581,2024-06-28,20.0
29594,2024-01-15,20.0
29620,2024-06-29,22.0
29622,2024-06-22,20.0
29624,2024-04-04,22.0
29631,2024-03-29,22.0
29640,2024-03-20,20.0
29649,2024-01-08,20.0
29657,2024-06-11,22.0
29676,2024-05-06,22.0
29677,2024-02-07,22.0
29690,2024-05-27,20.0
29691,2024-03-17,22.0
29703,2024-05-20,22.0
29704,2024-05-31,20.0
29777,2024-03-14,20.0
29781,2024-02-24,20.0
29797,2024-06-20,20.0
29802,2024-04-21,22.0
29826,2024-03-12,22.0
29843,2024-03-18,22.0
29871,2024-03-07,22.0
29873,2024-04-20,22.0
29890,2024-05-30,20.0
29892,2024-06-18,20.0
29894,2024-04-11,20.0
29908,2024-06-12,20.0
29911,2024-03-07,20.0
29923,2024-03-18,20.0
29930,2024-02-28,20.0
29934,2024-05-17,22.0
29940,2024-06-14,22.0
29941,2024-05-03,22.0
29943,2024-04-16,22.0
29987,2024-03-23,20.0
29990,2024-02-17,20.0
29991,2024-01-07,20.0
30000,2024-06-27,20.0
30025,2024-02-20,20.0
30037,2024-05-28,20.0
30052,2024-05-13,22.0
30060,2024-05-30,20.0
30069,2024-04-23,20.0
30082,2024-07-03,22.0
30093,2024-02-12,20.0
30100,2024-02-25,20.0
30103,2024-04-23,22.0
30119,2024-02-26,20.0
30124,2024-04-12,22.0
30130,2024-05-12,22.0
30131,2024-02-09,20.0
30132,2024-02-05,22.0
30135,2024-04-11,22.0
30158,2024-06-15,22.0
30161,2024-03-17,22.0
30169,2024-01-27,20.0
30193,2024-06-20,22.0
30207,2024-06-20,20.0
30249,2024-03-14,20.0
30251,2024-03-10,22.0
30256,2024-06-30,22.0
30260,2024-06-17,20.0
30279,2024-03-06,22.0
30300,2024-03-18,20.0
30307,2024-01-31,20.0
30311,2024-03-11,20.0
30329,2024-04-20,20.0
30334,2024-05-27,20.0
30353,2024-07-03,20.0
30355,2024-02-04,20.0
30356,2024-03-10,20.0
30362,2024-05-18,22.0
30367,2024-06-24,22.0
30370,2024-06-24,20.0
30379,2024-04-18,22.0
30392,2024-05-19,22.0
30401,2024-03-09,20.0
30407,2024-03-27,20.0
30410,2024-01-20,20.0
30411,2024-05-29,22.0
30415,2024-02-13,22.0
30417,2024-04-03,20.0
30426,2024-03-29,20.0
30452,2024-05-05,22.0
30454,2024-02-14,22.0
30464,2024-05-19,20.0
30466,2024-02-18,20.0
30475,2024-01-22,22.0
30485,2024-06-13,20.0
30500,2024-01-25,20.0
30532,2024-06-01,20.0
30534,2024-04-23,22.0
30549,2024-04-18,22.0
30551,2024-03-17,20.0
30580,2024-07-07,20.0
30587,2024-02-11,20.0
30596,2024-05-19,22.0
30598,2024-01-15,20.0
30603,2024-01-05,20.0
30611,2024-03-24,20.0
30612,2024-02-21,20.0
30617,2024-06-02,22.0
30623,2024-03-10,20.0
30634,2024-02-14,22.0
30635,2024-06-09,20.0
30641,2024-02-18,22.0
30645,2024-06-24,22.0
30646,2024-01-23,20.0
30649,2024-06-08,22.0
30654,2024-06-06,22.0
30668,2024-04-13,22.0
30681,2024-06-09,22.0
30683,2024-01-07,22.0
30688,2024-01-08,20.0
30689,2024-06-15,20.0
30702,2024-04-25,22.0
30703,2024-01-07,20.0
30705,2024-01-10,20.0
30716,2024-05-27,20.0
30725,2024-01-16,20.0
30736,2024-06-24,22.0
30765,2024-01-23,20.0
30781,2024-04-18,20.0
30784,2024-04-20,20.0
30786,2024-04-16,20.0
30796,2024-03-03,20.0
30804,2024-05-17,22.0
30809,2024-06-01,22.0
30812,2024-03-09,20.0
30826,2024-06-28,22.0
30828,2024-02-07,20.0
30831,2024-03-23,22.0
30837,2024-05-27,22.0
30852,2024-03-20,20.0
30854,2024-05-22,20.0
30859,2024-05-09,20.0
30860,2024-04-26,22.0
30861,2024-04-05,20.0
30864,2024-04-19,20.0
30865,2024-04-16,22.0
30867,2024-03-04,20.0
30881,2024-03-22,20.0
30913,2024-04-28,22.0
30919,2024-05-24,20.0
30921,2024-02-02,20.0
30923,2024-06-22,20.0
30927,2024-04-06,20.0
30930,2024-06-06,20.0
30936,2024-06-10,20.0
30940,2024-05-05,20.0
30944,2024-04-07,20.0
30953,2024-01-30,22.0
30959,2024-04-30,22.0
30967,2024-03-24,20.0
30977,2024-07-01,20.0
30985,2024-04-25,20.0
30987,2024-06-22,20.0
30992,2024-05-23,22.0
30999,2024-03-10,22.0
31015,2024-06-12,22.0
31021,2024-06-09,20.0
31022,2024-04-18,20.0
31023,2024-05-27,20.0
31030,2024-02-26,22.0
31042,2024-05-05,22.0
31049,2024-05-12,20.0
31050,2024-05-28,20.0
31054,2024-02-11,20.0
31064,2024-04-24,22.0
31071,2024-06-26,20.0
31088,2024-05-04,22.0
31089,2024-03-12,20.0
31134,2024-03-15,20.0
31139,2024-05-16,20.0
31153,2024-05-27,20.0
31155,2024-02-06,22.0
31158,2024-04-05,20.0
31163,2024-04-11,22.0
31164,2024-02-15,22.0
31169,2024-06-19,20.0
31172,2024-06-08,20.0
31181,2024-05-23,20.0
31182,2024-04-15,22.0
31183,2024-01-14,20.0
31189,2024-03-28,22.0
31216,2024-04-03,20.0
31219,2024-06-03,20.0
31226,2024-03-14,22.0
31231,2024-01-21,20.0
31236,2024-04-15,20.0
31254,2024-04-11,22.0
31257,2024-05-04,20.0
31260,2024-04-20,22.0
31261,2024-03-24,20.0
31270,2024-06-13,22.0
31282,2024-03-05,22.0
31284,2024-02-18,20.0
31292,2024-05-22,22.0
31315,2024-05-20,20.0
31322,2024-05-19,22.0
31338,2024-02-19,22.0
31376,2024-06-16,22.0
31400,2024-02-26,22.0
31407,2024-04-19,22.0
31415,2024-03-01,20.0
31425,2024-03-09,20.0
31436,2024-06-18,20.0
31441,2024-02-09,20.0
31460,2024-02-20,22.0
31466,2024-01-23,22.0
31473,2024-03-01,20.0
31474,2024-05-16,20.0
31483,2024-03-18,20.0
31491,2024-03-05,22.0
31495,2024-01-29,20.0
31500,2024-01-25,22.0
31507,2024-03-08,22.0
31522,2024-03-24,22.0
31547,2024-02-11,20.0
31552,2024-06-11,20.0
31553,2024-02-03,22.0
31557,2024-04-07,20.0
31564,2024-05-02,20.0
31567,2024-03-19,22.0
31569,2024-03-18,20.0
31571,2024-07-01,20.0
31575,2024-06-21,20.0
31578,2024-06-03,20.0
31585,2024-05-26,22.0
31597,2024-03-30,22.0
31604,2024-04-02,20.0
31608,2024-05-06,20.0
31609,2024-04-18,22.0
31638,2024-01-31,20.0
31645,2024-03-06,20.0
31649,2024-04-08,22.0
31655,2024-07-05,20.0
31657,2024-05-27,20.0
31659,2024-04-27,20.0
31663,2024-01-27,20.0
31665,2024-05-15,20.0
31671,2024-06-09,22.0
31675,2024-02-09,20.0
31687,2024-01-28,22.0
31692,2024-03-07,22.0
31696,2024-06-26,20.0
31697,2024-06-27,20.0
31706,2024-02-05,22.0
31744,2024-01-14,20.0
31750,2024-05-28,22.0
31751,2024-02-01,20.0
31757,2024-05-01,20.0
31765,2024-03-12,20.0
31779,2024-03-09,20.0
31802,2024-04-09,20.0
31809,2024-05-18,20.0
31826,2024-06-05,20.0
31828,2024-01-08,20.0
31838,2024-04-16,22.0
31844,2024-05-28,20.0
31848,2024-02-02,22.0
31875,2024-04-26,20.0
31876,2024-02-15,22.0
31878,2024-06-08,22.0
31885,2024-04-01,20.0
31893,2024-06-16,20.0
31898,2024-05-01,22.0
31901,2024-02-09,20.0
31910,2024-03-17,22.0
31917,2024-06-20,22.0
31920,2024-04-29,22.0
31925,2024-03-15,22.0
31938,2024-05-14,20.0
31943,2024-01-24,20.0
31944,2024-06-06,20.0
31953,2024-04-25,20.0
31971,2024-03-09,20.0
31990,2024-04-19,20.0
31993,2024-03-03,22.0
32007,2024-05-17,20.0
32013,2024-03-18,22.0
32016,2024-05-05,20.0
32038,2024-04-27,22.0
32048,2024-06-26,22.0
32051,2024-03-09,20.0
32057,2024-03-15,20.0
32058,2024-01-26,20.0
32068,2024-06-11,22.0
32071,2024-03-22,20.0
32073,2024-05-26,20.0
32088,2024-02-13,20.0
32093,2024-01-26,20.0
32100,2024-01-25,22.0
32102,2024-04-11,22.0
32108,2024-04-20,22.0
32125,2024-05-11,22.0
32128,2024-05-16,20.0
32133,2024-06-23,22.0
32141,2024-04-10,20.0
32172,2024-03-16,20.0
32174,2024-06-05,20.0
32198,2024-04-25,22.0
32201,2024-05-20,20.0
32203,2024-03-19,20.0
32212,2024-01-17,20.0
32214,2024-03-01,20.0
32221,2024-04-16,20.0
32224,2024-01-19,20.0
32231,2024-06-25,20.0
32251,2024-04-20,20.0
32265,2024-06-28,20.0
32270,2024-04-27,20.0
32278,2024-04-17,20.0
32285,2024-06-02,20.0
32298,2024-01-05,20.0
32299,2024-03-04,20.0
32305,2024-06-13,22.0
32310,2024-05-25,20.0
32321,2024-05-14,20.0
32329,2024-01-22,22.0
32336,2024-02-21,22.0
32355,2024-02-12,22.0
32372,2024-06-10,20.0
32377,2024-02-02,22.0
32382,2024-05-19,20.0
32388,2024-03-12,20.0
32415,2024-01-23,20.0
32431,2024-05-13,20.0
32432,2024-06-24,20.0
32445,2024-03-12,20.0
32448,2024-01-19,20.0
32449,2024-04-19,20.0
32456,2024-03-18,22.0
32490,2024-04-28,20.0
32497,2024-05-06,20.0
32499,2024-03-25,22.0
32506,2024-05-16,22.0
32511,2024-06-14,22.0
32513,2024-05-20,20.0
32520,2024-03-29,20.0
32538,2024-06-24,22.0
32569,2024-06-29,20.0
32601,2024-05-07,20.0
32608,2024-02-01,20.0
32609,2024-06-15,20.0
32618,2024-02-14,20.0
32644,2024-03-18,20.0
32662,2024-06-09,20.0
32665,2024-05-02,20.0
32670,2024-06-30,20.0
32674,2024-05-14,20.0
32678,2024-02-13,20.0
32679,2024-01-13,20.0
32680,2024-02-28,20.0
32687,2024-06-11,20.0
32693,2024-01-20,22.0
32695,2024-06-30,22.0
32706,2024-05-21,20.0
32709,2024-04-20,20.0
32725,2024-04-29,20.0
32728,2024-03-17,22.0
32733,2024-01-25,20.0
32743,2024-02-16,20.0
32753,2024-03-02,22.0
32757,2024-06-06,20.0
32759,2024-04-20,22.0
32768,2024-02-25,22.0
32771,2024-01-30,22.0
32780,2024-02-21,20.0
32784,2024-01-23,20.0
32787,2024-01-30,20.0
32791,2024-01-10,20.0
32799,2024-06-08,22.0
32820,2024-03-24,20.0
32823,2024-06-03,20.0
32832,2024-05-11,20.0
32858,2024-05-06,20.0
32861,2024-06-24,20.0
32883,2024-03-17,22.0
32885,2024-04-28,22.0
32897,2024-04-19,20.0
32916,2024-06-22,22.0
32926,2024-06-13,20.0
32927,2024-06-25,20.0
32929,2024-04-29,20.0
32953,2024-01-23,20.0
32955,2024-05-12,20.0
32979,2024-04-09,22.0
32989,2024-02-23,22.0
32998,2024-03-02,20.0
33001,2024-03-02,20.0
33008,2024-03-27,20.0
33012,2024-04-18,20.0
33014,2024-03-04,20.0
33026,2024-02-29,20.0
33052,2024-04-10,22.0
33055,2024-02-25,20.0
33064,2024-01-23,20.0
33071,2024-05-15,22.0
33084,2024-06-10,20.0
33128,2024-03-18,20.0
33133,2024-07-03,22.0
33138,2024-03-03,22.0
33140,2024-05-12,22.0
33142,2024-02-19,22.0
33148,2024-02-15,20.0
33151,2024-05-14,20.0
33155,2024-02-19,20.0
33164,2024-06-11,20.0
33178,2024-05-31,20.0
33183,2024-01-18,20.0
33184,2024-04-19,22.0
33185,2024-05-25,20.0
33197,2024-01-22,22.0
33201,2024-04-25,20.0
33205,2024-05-09,20.0
33208,2024-01-29,22.0
33211,2024-02-23,22.0
33215,2024-02-21,20.0
33233,2024-04-05,20.0
33237,2024-01-27,22.0
33242,2024-07-01,22.0
33243,2024-02-06,20.0
33245,2024-05-30,22.0
33246,2024-03-01,22.0
33252,2024-04-21,22.0
33256,2024-07-04,20.0
33266,2024-03-13,20.0
33272,2024-04-30,20.0
33285,2024-06-12,22.0
33302,2024-02-01,22.0
33310,2024-04-18,22.0
33327,2024-04-07,20.0
33331,2024-03-08,20.0
33336,2024-07-09,22.0
33344,2024-05-16,20.0
33347,2024-02-03,20.0
33362,2024-04-28,20.0
33367,2024-01-26,20.0
33378,2024-05-12,22.0
33383,2024-04-25,20.0
33388,2024-02-22,20.0
33394,2024-04-20,20.0
33396,2024-05-10,22.0
33410,2024-04-25,20.0
33431,2024-06-07,20.0
33450,2024-04-06,20.0
33452,2024-05-10,22.0
33474,2024-04-22,20.0
33499,2024-02-26,20.0
33501,2024-02-23,20.0
33504,2024-05-08,20.0
33505,2024-04-26,22.0
33507,2024-03-10,20.0
33524,2024-05-04,22.0
33525,2024-03-25,20.0
33531,2024-02-29,22.0
33534,2024-02-04,20.0
33545,2024-05-18,22.0
33552,2024-01-21,22.0
33571,2024-02-16,20.0
33580,2024-06-02,20.0
33581,2024-06-22,20.0
33584,2024-02-21,20.0
33597,2024-03-11,20.0
33604,2024-06-09,20.0
33610,2024-05-02,20.0
33614,2024-04-20,20.0
33617,2024-05-29,20.0
33618,2024-05-26,20.0
33621,2024-04-09,20.0
33625,2024-02-18,20.0
33628,2024-03-21,22.0
33630,2024-05-08,20.0
33643,2024-02-08,20.0
33652,2024-07-06,20.0
33656,2024-04-21,20.0
33661,2024-03-02,20.0
33673,2024-02-23,20.0
33683,2024-02-29,22.0
33688,2024-02-11,22.0
33697,2024-01-11,20.0
33698,2024-01-13,20.0
33703,2024-01-29,20.0
33709,2024-04-10,20.0
33714,2024-05-13,20.0
33716,2024-01-30,20.0
33724,2024-04-15,22.0
33732,2024-07-03,20.0
33733,2024-01-11,20.0
33749,2024-02-12,20.0
33757,2024-06-09,22.0
33762,2024-06-25,22.0
33764,2024-03-07,20.0
33770,2024-04-19,22.0
33801,2024-03-31,22.0
33812,2024-02-05,20.0
33824,2024-03-11,20.0
33825,2024-04-10,20.0
33837,2024-04-03,20.0
33843,2024-03-27,20.0
33848,2024-05-28,22.0
33864,2024-05-20,20.0
33874,2024-04-20,22.0
33885,2024-01-16,20.0
33886,2024-05-13,20.0
33893,2024-02-03,20.0
33895,2024-02-27,20.0
33936,2024-01-16,22.0
33938,2024-05-11,20.0
33939,2024-01-14,20.0
33968,2024-05-06,22.0
33987,2024-01-26,22.0
33988,2024-01-15,20.0
33993,2024-06-20,20.0
33994,2024-02-29,22.0
34014,2024-05-19,22.0
34028,2024-03-08,22.0
34033,2024-04-07,20.0
34042,2024-03-30,20.0
34048,2024-04-01,20.0
34051,2024-03-18,20.0
34062,2024-02-12,20.0
34066,2024-06-06,20.0
34069,2024-06-09,20.0
34077,2024-05-28,22.0
34078,2024-03-04,20.0
34098,2024-06-18,20.0
34100,2024-03-23,20.0
34103,2024-01-31,22.0
34108,2024-03-07,22.0
34110,2024-04-15,22.0
34111,2024-05-13,22.0
34114,2024-03-13,20.0
34115,2024-02-23,20.0
34118,2024-05-12,22.0
34124,2024-04-18,22.0
34134,2024-05-15,20.0
34149,2024-05-27,20.0
34151,2024-02-23,20.0
34155,2024-02-02,20.0
34159,2024-05-05,20.0
34173,2024-04-22,22.0
34189,2024-06-01,22.0
34192,2024-04-22,22.0
34209,2024-01-20,22.0
34210,2024-03-19,20.0
34212,2024-03-17,20.0
34213,2024-02-19,20.0
34220,2024-05-16,22.0
34226,2024-05-28,22.0
34231,2024-06-13,20.0
34244,2024-04-19,20.0
34268,2024-01-10,20.0
34270,2024-06-19,20.0
34271,2024-06-06,20.0
34273,2024-05-22,22.0
34278,2024-02-12,20.0
34280,2024-01-28,22.0
34286,2024-02-23,20.0
34303,2024-05-06,20.0
34305,2024-04-01,20.0
34306,2024-06-10,22.0
34333,2024-04-05,22.0
34335,2024-05-05,22.0
34336,2024-04-06,22.0
34358,2024-05-12,20.0
34368,2024-06-05,20.0
34371,2024-03-26,20.0
34377,2024-01-08,22.0
34387,2024-04-30,20.0
34388,2024-05-13,20.0
34397,2024-03-26,22.0
34405,2024-03-08,20.0
34409,2024-03-01,20.0
34416,2024-05-18,20.0
34419,2024-03-29,22.0
34432,2024-02-29,20.0
34464,2024-02-04,20.0
34465,2024-01-19,20.0
34471,2024-04-10,22.0
34476,2024-02-04,20.0
34492,2024-04-04,20.0
34497,2024-04-15,20.0
34501,2024-07-05,22.0
34504,2024-05-21,20.0
34506,2024-05-14,20.0
34508,2024-04-18,22.0
34514,2024-05-23,22.0
34515,2024-07-02,20.0
34528,2024-06-02,22.0
34535,2024-05-11,20.0
34546,2024-03-19,22.0
34569,2024-01-22,20.0
34575,2024-07-09,20.0
34583,2024-03-14,22.0
34590,2024-03-11,20.0
34596,2024-04-02,20.0
34616,2024-03-04,22.0
34636,2024-02-22,20.0
34648,2024-05-06,22.0
34651,2024-05-31,20.0
34659,2024-03-13,20.0
34679,2024-05-06,20.0
34687,2024-05-19,20.0
34689,2024-04-23,20.0
34693,2024-03-28,20.0
34696,2024-05-04,22.0
34702,2024-04-04,20.0
34708,2024-06-08,20.0
34709,2024-02-04,20.0
34714,2024-01-27,20.0
34729,2024-03-24,20.0
34733,2024-01-25,20.0
34744,2024-04-12,22.0
34761,2024-05-19,20.0
34766,2024-05-05,20.0
34773,2024-03-11,20.0
34788,2024-06-07,20.0
34796,2024-01-26,22.0
34806,2024-02-05,20.0
34809,2024-06-05,20.0
34811,2024-04-12,20.0
34818,2024-03-02,22.0
34825,2024-06-25,20.0
34835,2024-04-01,20.0
34838,2024-01-20,20.0
34856,2024-04-01,22.0
34859,2024-04-09,20.0
34863,2024-04-30,22.0
34868,2024-03-10,20.0
34888,2024-04-30,22.0
34897,2024-01-29,20.0
34904,2024-04-21,20.0
34908,2024-03-31,22.0
34917,2024-04-24,22.0
34937,2024-05-14,22.0
34947,2024-03-19,20.0
34951,2024-03-17,20.0
34967,2024-05-13,20.0
34971,2024-05-20,20.0
35000,2024-01-07,20.0
35021,2024-06-24,22.0
35022,2024-01-15,22.0
35026,2024-02-20,20.0
35048,2024-05-18,22.0
35056,2024-03-17,22.0
35060,2024-04-12,20.0
35072,2024-05-03,20.0
35077,2024-05-09,20.0
35079,2024-04-28,20.0
35082,2024-02-12,20.0
35085,2024-02-10,20.0
35132,2024-05-17,22.0
35137,2024-05-11,22.0
35141,2024-06-21,20.0
35143,2024-05-19,20.0
35158,2024-05-26,20.0
35159,2024-05-17,22.0
35168,2024-03-25,20.0
35182,2024-06-29,20.0
35192,2024-02-14,20.0
35195,2024-03-07,22.0
35197,2024-03-03,22.0
35211,2024-06-02,22.0
35215,2024-01-28,22.0
35216,2024-06-12,20.0
35221,2024-06-19,22.0
35250,2024-01-31,20.0
35270,2024-02-25,22.0
35276,2024-05-03,20.0
35284,2024-06-04,22.0
35289,2024-05-10,20.0
35290,2024-01-22,20.0
35302,2024-06-16,20.0
35314,2024-02-02,22.0
35319,2024-04-05,20.0
35322,2024-02-08,20.0
35323,2024-04-30,20.0
35336,2024-03-25,20.0
35352,2024-06-08,20.0
35361,2024-03-13,20.0
35362,2024-01-16,20.0
35368,2024-05-25,20.0
35374,2024-03-05,20.0
35396,2024-04-12,20.0
35417,2024-02-23,20.0
35419,2024-04-27,20.0
35427,2024-01-19,20.0
35428,2024-06-22,20.0
35440,2024-02-06,22.0
35451,2024-04-28,22.0
35475,2024-02-21,20.0
35483,2024-05-10,20.0
35494,2024-02-16,22.0
35499,2024-01-24,22.0
35522,2024-02-26,22.0
35538,2024-02-17,22.0
35546,2024-01-31,20.0
35549,2024-04-10,20.0
35557,2024-04-20,20.0
35575,2024-06-09,22.0
35597,2024-01-10,20.0
35604,2024-04-18,22.0
35616,2024-06-09,20.0
35627,2024-05-26,20.0
35633,2024-06-16,22.0
35642,2024-04-14,20.0
35651,2024-05-30,22.0
35652,2024-06-02,20.0
35657,2024-04-03,20.0
35660,2024-05-12,20.0
35682,2024-05-28,20.0
35683,2024-02-12,22.0
35692,2024-04-01,20.0
35694,2024-06-10,22.0
35695,2024-05-02,20.0
35714,2024-05-18,20.0
35725,2024-03-26,20.0
35738,2024-03-02,22.0
35739,2024-05-19,20.0
35752,2024-03-03,22.0
35765,2024-02-21,22.0
35772,2024-02-17,20.0
35786,2024-06-16,22.0
35792,2024-02-27,20.0
35814,2024-04-08,20.0
35818,2024-05-06,20.0
35827,2024-02-13,22.0
35830,2024-04-10,20.0
35833,2024-05-19,20.0
35847,2024-05-28,20.0
35849,2024-01-06,22.0
35851,2024-02-07,22.0
35867,2024-04-24,20.0
35873,2024-04-06,22.0
35875,2024-04-01,20.0
35884,2024-02-13,22.0
35891,2024-02-14,20.0
35906,2024-01-11,20.0
35908,2024-05-27,20.0
35919,2024-04-24,20.0
35920,2024-05-05,20.0
35935,2024-06-20,20.0
35942,2024-03-14,20.0
35949,2024-02-21,22.0
35950,2024-03-01,20.0
35953,2024-04-23,20.0
35960,2024-05-16,20.0
35987,2024-03-11,20.0
35993,2024-06-12,22.0
35996,2024-04-06,22.0
35999,2024-04-14,20.0
36013,2024-07-11,20.0
36019,2024-03-10,20.0
36022,2024-02-17,20.0
36028,2024-04-15,20.0
36039,2024-04-26,20.0
36058,2024-01-06,20.0
36061,2024-06-19,22.0
36065,2024-01-26,20.0
36069,2024-05-18,22.0
36070,2024-06-05,20.0
36076,2024-01-31,20.0
36078,2024-06-25,20.0
36094,2024-02-11,20.0
36112,2024-02-28,22.0
36121,2024-01-14,22.0
36125,2024-06-24,22.0
36149,2024-04-06,22.0
36153,2024-03-21,22.0
36158,2024-02-22,20.0
36160,2024-01-22,20.0
36179,2024-01-09,20.0
36195,2024-06-10,20.0
36206,2024-06-04,20.0
36207,2024-01-19,20.0
36209,2024-04-14,22.0
36231,2024-01-15,20.0
36252,2024-03-07,20.0
36268,2024-06-12,20.0
36284,2024-04-23,20.0
36305,2024-06-22,22.0
36313,2024-04-07,20.0
36318,2024-05-11,20.0
36325,2024-02-19,20.0
36330,2024-01-29,22.0
36355,2024-05-09,20.0
36356,2024-03-10,20.0
36357,2024-07-08,20.0
36365,2024-06-20,22.0
36366,2024-04-16,20.0
36367,2024-02-02,22.0
36368,2024-02-12,22.0
36371,2024-05-12,20.0
36382,2024-06-19,20.0
36387,2024-04-17,22.0
36408,2024-02-06,22.0
36413,2024-05-13,22.0
36415,2024-03-30,22.0
36422,2024-02-17,22.0
36425,2024-05-07,20.0
36440,2024-04-10,22.0
36445,2024-04-09,20.0
36450,2024-06-11,20.0
36452,2024-07-04,22.0
36455,2024-04-17,20.0
36465,2024-07-04,20.0
36471,2024-03-05,22.0
36472,2024-01-14,22.0
36477,2024-03-28,20.0
36485,2024-04-12,20.0
36494,2024-01-30,20.0
36496,2024-05-19,22.0
36512,2024-02-18,20.0
36531,2024-06-15,22.0
36542,2024-03-12,20.0
36567,2024-06-11,22.0
36572,2024-02-08,22.0
36573,2024-03-25,20.0
36577,2024-05-27,20.0
36582,2024-03-01,22.0
36584,2024-04-03,22.0
36592,2024-05-21,22.0
36608,2024-04-07,22.0
36616,2024-06-03,20.0
36618,2024-03-01,20.0
36624,2024-03-29,22.0
36626,2024-02-10,22.0
36628,2024-01-30,20.0
36646,2024-01-27,20.0
36647,2024-06-30,20.0
36648,2024-06-16,20.0
36662,2024-04-13,20.0
36663,2024-01-20,20.0
36690,2024-06-17,20.0
36696,2024-02-14,20.0
36724,2024-01-29,22.0
36725,2024-02-27,22.0
36749,2024-03-02,20.0
36789,2024-04-14,22.0
36797,2024-05-03,20.0
36800,2024-05-24,22.0
36810,2024-05-22,22.0
36820,2024-04-03,22.0
36841,2024-01-30,20.0
36877,2024-05-11,22.0
36878,2024-01-23,22.0
36894,2024-02-03,22.0
36896,2024-05-03,20.0
36901,2024-03-22,22.0
36902,2024-04-04,22.0
36923,2024-03-09,22.0
36928,2024-02-09,20.0
36938,2024-04-22,20.0
36940,2024-02-01,20.0
36949,2024-06-23,22.0
36960,2024-05-20,20.0
36979,2024-04-29,20.0
36980,2024-04-15,20.0
36985,2024-03-23,20.0
36987,2024-04-14,20.0
36997,2024-03-03,20.0
37012,2024-06-15,20.0
37013,2024-01-18,22.0
37021,2024-05-08,22.0
37024,2024-04-13,20.0
37049,2024-02-23,22.0
37050,2024-05-18,22.0
37052,2024-01-26,22.0
37067,2024-03-14,22.0
37076,2024-05-31,22.0
37089,2024-04-10,22.0
37096,2024-05-27,20.0
37117,2024-07-09,22.0
37124,2024-03-19,20.0
37126,2024-05-27,22.0
37129,2024-03-01,20.0
37136,2024-06-04,20.0
37140,2024-05-29,22.0
37142,2024-02-11,20.0
37144,2024-02-11,22.0
37145,2024-05-03,22.0
37153,2024-02-15,20.0
37155,2024-04-15,20.0
37156,2024-03-19,22.0
37158,2024-04-27,20.0
37159,2024-05-03,20.0
37166,2024-05-29,22.0
37168,2024-05-04,20.0
37174,2024-03-07,20.0
37176,2024-04-28,20.0
37188,2024-05-10,20.0
37194,2024-06-12,22.0
37196,2024-02-24,20.0
37206,2024-06-13,22.0
37248,2024-05-19,22.0
37260,2024-06-06,22.0
37261,2024-05-08,20.0
37267,2024-03-01,20.0
37272,2024-03-08,20.0
37273,2024-06-11,20.0
37288,2024-04-26,20.0
37301,2024-02-16,20.0
37302,2024-02-12,22.0
37316,2024-01-25,22.0
37324,2024-01-24,22.0
37326,2024-04-21,20.0
37335,2024-01-22,20.0
37339,2024-04-18,22.0
37344,2024-04-17,22.0
37346,2024-01-16,22.0
37352,2024-04-02,20.0
37363,2024-06-27,20.0
37366,2024-05-10,20.0
37372,2024-02-26,20.0
37374,2024-04-18,20.0
37386,2024-05-04,20.0
37392,2024-01-17,22.0
37423,2024-03-14,20.0
37440,2024-04-06,20.0
37441,2024-03-23,20.0
37449,2024-02-15,20.0
37457,2024-03-16,20.0
37475,2024-06-29,20.0
37478,2024-04-03,22.0
37480,2024-01-24,20.0
37485,2024-03-28,20.0
37496,2024-01-28,20.0
37502,2024-03-16,22.0
37503,2024-03-29,20.0
37524,2024-01-15,22.0
37527,2024-04-27,22.0
37531,2024-04-24,20.0
37545,2024-04-27,22.0
37562,2024-04-02,22.0
37563,2024-05-19,20.0
37575,2024-01-15,20.0
37577,2024-06-27,22.0
37580,2024-06-26,22.0
37581,2024-02-07,20.0
37582,2024-01-23,22.0
37588,2024-04-18,22.0
37603,2024-03-19,20.0
37610,2024-01-19,22.0
37619,2024-06-18,20.0
37639,2024-02-12,22.0
37649,2024-04-20,20.0
37652,2024-02-10,20.0
37653,2024-02-02,20.0
37655,2024-02-08,20.0
37670,2024-04-24,20.0
37674,2024-02-02,20.0
37679,2024-03-15,20.0
37685,2024-07-11,22.0
37704,2024-06-10,20.0
37723,2024-05-19,20.0
37740,2024-05-15,20.0
37748,2024-06-23,20.0
37752,2024-01-17,22.0
37757,2024-05-16,20.0
37760,2024-03-05,20.0
37765,2024-02-18,22.0
37780,2024-02-28,20.0
37806,2024-03-25,20.0
37823,2024-01-14,20.0
37844,2024-01-22,20.0
37848,2024-01-20,22.0
37849,2024-06-16,22.0
37851,2024-02-29,20.0
37856,2024-02-22,22.0
37884,2024-05-31,22.0
37907,2024-02-15,20.0
37910,2024-03-18,20.0
37912,2024-06-14,22.0
37939,2024-05-18,20.0
37952,2024-03-21,20.0
37958,2024-05-16,20.0
37972,2024-02-29,20.0
37975,2024-03-13,20.0
37997,2024-03-25,20.0
38009,2024-04-29,20.0
38010,2024-02-16,22.0
38043,2024-06-24,22.0
38053,2024-05-15,22.0
38083,2024-05-01,20.0
38088,2024-03-29,20.0
38095,2024-04-06,20.0
38097,2024-03-08,22.0
38105,2024-04-25,20.0
38116,2024-05-24,20.0
38125,2024-04-09,22.0
38127,2024-04-23,20.0
38133,2024-06-04,20.0
38134,2024-05-17,20.0
38136,2024-06-16,20.0
38156,2024-06-16,20.0
38159,2024-01-21,20.0
38162,2024-04-12,20.0
38215,2024-04-07,20.0
38225,2024-01-22,20.0
38240,2024-05-13,22.0
38250,2024-01-30,20.0
38257,2024-04-15,20.0
38261,2024-06-13,20.0
38262,2024-02-19,22.0
38264,2024-02-10,22.0
38284,2024-03-03,20.0
38286,2024-04-14,22.0
38299,2024-06-10,20.0
38306,2024-03-25,20.0
38312,2024-03-17,20.0
38319,2024-05-26,20.0
38341,2024-02-09,20.0
38344,2024-05-02,22.0
38360,2024-05-19,20.0
38370,2024-06-13,22.0
38381,2024-04-21,20.0
38390,2024-05-16,20.0
38391,2024-07-08,22.0
38398,2024-06-09,20.0
38402,2024-05-11,20.0
38406,2024-03-16,22.0
38427,2024-02-23,20.0
38433,2024-04-04,20.0
38441,2024-04-23,20.0
38461,2024-04-14,22.0
38483,2024-04-06,20.0
38495,2024-05-18,20.0
38496,2024-06-24,20.0
38504,2024-02-27,20.0
38523,2024-05-28,20.0
38525,2024-01-31,20.0
38534,2024-02-18,22.0
38555,2024-03-26,20.0
38559,2024-05-30,22.0
38565,2024-04-23,20.0
38577,2024-03-31,20.0
38582,2024-02-24,20.0
38594,2024-05-13,22.0
38646,2024-02-19,20.0
38648,2024-05-09,20.0
38651,2024-03-27,20.0
38659,2024-05-13,20.0
38667,2024-04-28,22.0
38680,2024-03-07,20.0
38684,2024-05-18,20.0
38687,2024-01-06,20.0
38688,2024-06-12,20.0
38695,2024-06-13,20.0
38715,2024-01-17,20.0
38718,2024-02-05,20.0
38732,2024-01-28,20.0
38742,2024-06-02,22.0
38744,2024-04-13,20.0
38751,2024-05-16,20.0
38752,2024-06-28,22.0
38753,2024-06-14,20.0
38755,2024-06-20,20.0
38758,2024-03-18,22.0
38772,2024-02-24,22.0
38780,2024-05-21,20.0
38792,2024-03-19,20.0
38796,2024-06-06,22.0
38811,2024-04-21,20.0
38812,2024-01-17,22.0
38814,2024-04-16,20.0
38826,2024-01-15,22.0
38839,2024-06-24,20.0
38842,2024-07-11,22.0
38847,2024-06-05,20.0
38855,2024-06-22,22.0
38861,2024-06-15,22.0
38876,2024-03-10,22.0
38884,2024-03-17,22.0
38890,2024-05-25,20.0
38893,2024-05-03,20.0
38894,2024-02-01,20.0
38900,2024-02-09,22.0
38907,2024-05-05,22.0
38911,2024-06-18,20.0
38915,2024-06-12,22.0
38919,2024-04-04,20.0
38920,2024-05-15,20.0
38921,2024-04-18,20.0
38931,2024-04-05,22.0
38932,2024-03-30,22.0
38950,2024-02-03,22.0
38953,2024-03-08,20.0
38956,2024-04-03,22.0
38959,2024-03-14,22.0
38966,2024-06-29,20.0
38968,2024-07-02,20.0
38977,2024-01-29,20.0
39007,2024-05-22,20.0
39055,2024-06-05,20.0
39064,2024-04-15,20.0
39068,2024-04-01,20.0
39091,2024-05-19,20.0
39112,2024-01-31,20.0
39143,2024-01-26,20.0
39148,2024-02-12,20.0
39156,2024-03-30,20.0
39159,2024-06-09,22.0
39166,2024-05-16,20.0
39172,2024-07-09,22.0
39176,2024-06-28,20.0
39181,2024-02-22,20.0
39182,2024-07-02,20.0
39187,2024-05-09,22.0
39188,2024-03-07,20.0
39194,2024-06-12,20.0
39197,2024-04-04,22.0
39210,2024-02-03,20.0
39217,2024-01-23,22.0
39220,2024-01-23,20.0
39222,2024-04-25,20.0
39223,2024-02-02,22.0
39229,2024-03-02,20.0
39232,2024-02-19,20.0
39233,2024-06-22,20.0
39241,2024-03-16,20.0
39262,2024-06-17,20.0
39273,2024-05-13,20.0
39275,2024-04-14,22.0
39284,2024-03-21,22.0
39291,2024-06-02,22.0
39294,2024-04-25,22.0
39304,2024-06-06,20.0
39307,2024-05-22,22.0
39314,2024-04-02,22.0
39326,2024-05-26,22.0
39327,2024-03-25,20.0
39345,2024-04-12,20.0
39352,2024-03-01,22.0
39367,2024-02-15,22.0
39370,2024-02-07,20.0
39377,2024-03-02,20.0
39381,2024-02-13,22.0
39404,2024-03-18,20.0
39415,2024-02-16,22.0
39440,2024-05-08,20.0
39449,2024-05-08,22.0
39450,2024-03-19,20.0
39453,2024-06-11,20.0
39457,2024-02-26,20.0
39503,2024-06-27,22.0
39513,2024-04-08,20.0
39520,2024-04-15,20.0
39524,2024-06-17,22.0
39548,2024-01-29,20.0
39561,2024-01-12,20.0
39575,2024-06-04,20.0
39576,2024-04-20,20.0
39580,2024-02-25,20.0
39584,2024-02-08,20.0
39619,2024-02-08,20.0
39630,2024-03-22,22.0
39632,2024-06-30,22.0
39635,2024-03-31,22.0
39643,2024-02-13,22.0
39669,2024-05-06,20.0
39670,2024-06-03,22.0
39677,2024-06-10,20.0
39678,2024-06-15,22.0
39683,2024-03-02,22.0
39686,2024-02-22,20.0
39687,2024-03-29,20.0
39701,2024-05-10,20.0
39714,2024-03-12,20.0
39719,2024-06-29,22.0
39727,2024-03-11,20.0
39728,2024-01-14,22.0
39730,2024-04-26,22.0
39733,2024-02-07,20.0
39736,2024-05-11,22.0
39771,2024-07-04,20.0
39773,2024-04-12,20.0
39777,2024-04-17,20.0
39779,2024-05-30,20.0
39826,2024-04-03,20.0
39842,2024-02-03,20.0
39850,2024-03-10,22.0
39853,2024-02-06,22.0
39861,2024-06-18,20.0
39866,2024-04-22,22.0
39868,2024-05-12,20.0
39893,2024-06-22,20.0
39917,2024-04-15,22.0
39920,2024-05-10,22.0
39923,2024-06-15,20.0
39929,2024-05-06,20.0
39931,2024-04-29,20.0
39933,2024-07-02,22.0
39940,2024-04-13,22.0
39947,2024-04-19,22.0
39949,2024-03-01,20.0
39960,2024-04-28,20.0
39973,2024-05-01,20.0
39978,2024-03-26,20.0
39982,2024-06-28,22.0
39984,2024-02-10,20.0
39985,2024-01-15,22.0
39996,2024-05-31,22.0
40021,2024-06-11,20.0
40028,2024-02-16,20.0
40034,2024-01-27,20.0
40044,2024-03-11,20.0
40047,2024-05-11,20.0
40048,2024-06-05,20.0
40062,2024-03-01,22.0
40063,2024-03-28,20.0
40092,2024-02-28,20.0
40110,2024-04-13,22.0
40126,2024-02-21,22.0
40128,2024-03-25,20.0
40130,2024-01-30,20.0
40132,2024-02-09,20.0
40141,2024-03-08,22.0
40142,2024-05-24,20.0
40144,2024-03-27,22.0
40145,2024-03-09,20.0
40147,2024-03-09,22.0
40153,2024-03-11,20.0
40182,2024-05-21,20.0
40196,2024-02-24,20.0
40207,2024-06-21,22.0
40222,2024-01-20,20.0
40250,2024-04-05,20.0
40256,2024-03-26,22.0
40258,2024-05-17,20.0
40259,2024-05-10,22.0
40267,2024-02-19,20.0
40268,2024-04-20,22.0
40269,2024-01-30,22.0
40274,2024-06-27,20.0
40281,2024-04-21,20.0
40286,2024-01-29,20.0
40288,2024-03-23,22.0
40296,2024-06-13,20.0
40305,2024-04-22,20.0
40309,2024-03-07,20.0
40315,2024-06-13,22.0
40318,2024-06-14,20.0
40343,2024-02-06,22.0
40353,2024-07-06,20.0
40356,2024-06-27,20.0
40360,2024-05-14,20.0
40366,2024-04-15,22.0
40376,2024-02-01,22.0
40382,2024-01-09,22.0
40406,2024-03-13,20.0
40409,2024-06-09,22.0
40434,2024-04-12,20.0
40459,2024-04-14,22.0
40466,2024-05-13,22.0
40487,2024-05-02,20.0
40492,2024-01-06,20.0
40493,2024-05-30,22.0
40498,2024-03-25,20.0
40511,2024-05-14,20.0
40516,2024-02-25,20.0
40519,2024-01-16,22.0
40526,2024-03-13,22.0
40532,2024-04-27,20.0
40566,2024-06-27,20.0
40571,2024-02-29,22.0
40579,2024-06-05,20.0
40583,2024-01-14,20.0
40594,2024-03-20,22.0
40598,2024-05-23,20.0
40604,2024-06-27,20.0
40605,2024-03-26,20.0
40606,2024-04-24,22.0
40607,2024-02-29,22.0
40612,2024-04-10,20.0
40616,2024-02-07,20.0
40633,2024-06-14,20.0
40641,2024-04-04,20.0
40644,2024-03-22,20.0
40645,2024-01-08,22.0
40653,2024-03-04,20.0
40665,2024-05-27,22.0
40671,2024-04-09,20.0
40682,2024-02-14,20.0
40743,2024-05-18,22.0
40751,2024-05-04,20.0
40752,2024-03-08,22.0
40761,2024-06-16,22.0
40773,2024-04-28,20.0
40781,2024-05-10,22.0
40789,2024-07-01,22.0
40791,2024-03-11,20.0
40792,2024-03-17,22.0
40806,2024-06-07,20.0
40822,2024-05-08,20.0
40824,2024-03-13,22.0
40829,2024-02-04,20.0
40848,2024-04-23,20.0
40851,2024-06-12,22.0
40853,2024-06-04,20.0
40854,2024-01-30,22.0
40863,2024-06-01,20.0
40871,2024-06-20,20.0
40886,2024-03-09,20.0
40889,2024-04-02,20.0
40892,2024-03-01,20.0
40910,2024-02-13,20.0
40912,2024-03-02,22.0
40918,2024-04-09,20.0
40923,2024-05-07,20.0
40926,2024-05-10,20.0
40951,2024-02-01,20.0
40952,2024-01-18,20.0
40958,2024-04-12,20.0
40964,2024-03-31,20.0
40971,2024-05-16,22.0
40975,2024-05-28,22.0
40984,2024-05-04,20.0
40997,2024-03-03,20.0
41000,2024-06-11,22.0
41004,2024-05-30,20.0
41007,2024-01-30,20.0
41009,2024-02-20,22.0
41017,2024-05-29,20.0
41023,2024-02-16,20.0
41030,2024-03-19,20.0
41043,2024-03-18,20.0
41047,2024-04-24,20.0
41053,2024-03-18,20.0
41070,2024-04-28,20.0
41071,2024-01-06,22.0
41078,2024-04-08,22.0
41084,2024-03-19,20.0
41088,2024-06-03,20.0
41091,2024-06-26,20.0
41102,2024-04-10,20.0
41106,2024-02-11,20.0
41115,2024-05-23,22.0
41137,2024-04-09,20.0
41158,2024-02-11,20.0
41170,2024-05-27,20.0
41171,2024-06-30,22.0
41184,2024-01-29,20.0
41207,2024-03-14,20.0
41212,2024-04-22,22.0
41224,2024-06-27,20.0
41225,2024-01-25,20.0
41229,2024-03-27,20.0
41267,2024-03-25,20.0
41271,2024-01-05,20.0
41280,2024-04-05,20.0
41286,2024-06-09,20.0
41295,2024-05-28,20.0
41300,2024-03-15,20.0
41308,2024-02-06,22.0
41309,2024-02-28,20.0
41339,2024-07-03,22.0
41350,2024-04-22,22.0
41353,2024-04-30,22.0
41365,2024-03-23,20.0
41383,2024-05-13,20.0
41389,2024-01-03,20.0
41390,2024-05-05,22.0
41399,2024-05-03,22.0
41403,2024-05-17,22.0
41413,2024-04-09,22.0
41416,2024-06-06,22.0
41419,2024-04-26,22.0
41431,2024-06-29,22.0
41438,2024-06-22,20.0
41450,2024-01-31,22.0
41469,2024-04-18,20.0
41473,2024-03-06,20.0
41478,2024-04-24,20.0
41483,2024-01-17,22.0
41486,2024-05-30,22.0
41489,2024-03-24,20.0
41493,2024-04-01,22.0
41494,2024-03-08,22.0
41505,2024-04-05,20.0
41538,2024-05-01,22.0
41543,2024-02-17,20.0
41551,2024-05-23,22.0
41576,2024-03-14,22.0
41613,2024-03-07,22.0
41634,2024-06-25,22.0
41658,2024-02-19,22.0
41664,2024-02-26,22.0
41679,2024-02-24,20.0
41682,2024-01-09,20.0
41703,2024-02-22,20.0
41711,2024-03-30,20.0
41721,2024-02-22,22.0
41729,2024-02-13,22.0
41738,2024-06-19,22.0
41751,2024-04-02,20.0
41754,2024-05-29,22.0
41758,2024-04-10,20.0
41764,2024-06-27,22.0
41768,2024-04-13,20.0
41770,2024-05-22,20.0
41800,2024-01-18,22.0
41802,2024-06-29,22.0
41808,2024-01-17,20.0
41817,2024-03-08,20.0
41835,2024-05-20,20.0
41841,2024-05-24,20.0
41855,2024-05-21,22.0
41865,2024-05-16,20.0
41872,2024-03-02,20.0
41874,2024-05-11,20.0
41883,2024-04-02,22.0
41886,2024-04-27,22.0
41887,2024-02-27,20.0
41891,2024-01-29,22.0
41893,2024-06-29,22.0
41896,2024-06-29,20.0
41902,2024-06-18,20.0
41904,2024-04-24,22.0
41956,2024-06-10,22.0
41977,2024-05-11,20.0
42008,2024-02-20,22.0
42015,2024-02-11,20.0
42029,2024-02-21,22.0
42037,2024-02-23,22.0
42040,2024-03-11,22.0
42046,2024-03-28,20.0
42049,2024-03-31,20.0
42052,2024-03-23,20.0
42057,2024-05-09,20.0
42062,2024-06-12,20.0
42072,2024-02-26,20.0
42076,2024-06-11,22.0
42086,2024-03-17,20.0
42126,2024-02-02,20.0
42142,2024-05-10,20.0
42151,2024-04-19,20.0
42153,2024-05-01,20.0
42159,2024-05-19,22.0
42160,2024-03-04,22.0
42162,2024-06-10,20.0
42171,2024-06-19,20.0
42178,2024-04-11,20.0
42201,2024-04-11,20.0
42208,2024-05-03,22.0
42228,2024-05-22,22.0
42234,2024-02-08,22.0
42236,2024-04-03,22.0
42239,2024-06-23,20.0
42251,2024-02-04,22.0
42274,2024-02-04,20.0
42284,2024-04-24,20.0
42289,2024-04-02,22.0
42294,2024-03-29,22.0
42306,2024-05-28,20.0
42308,2024-02-01,20.0
42319,2024-04-28,22.0
42320,2024-04-16,20.0
42341,2024-02-11,22.0
42348,2024-06-22,20.0
42354,2024-02-23,22.0
42371,2024-01-14,20.0
42387,2024-06-26,22.0
42395,2024-05-23,20.0
42408,2024-03-11,20.0
42413,2024-01-07,20.0
42418,2024-04-19,22.0
42439,2024-02-25,22.0
42454,2024-03-14,22.0
42462,2024-03-01,20.0
42481,2024-06-01,20.0
42487,2024-06-05,22.0
42489,2024-03-20,22.0
42491,2024-05-09,20.0
42499,2024-03-29,20.0
42507,2024-02-29,20.0
42526,2024-01-12,22.0
42536,2024-01-22,20.0
42546,2024-04-18,20.0
42550,2024-05-17,22.0
42559,2024-02-27,22.0
42569,2024-01-15,20.0
42580,2024-04-03,22.0
42589,2024-05-24,20.0
42592,2024-06-24,20.0
42593,2024-06-20,20.0
42600,2024-04-23,22.0
42607,2024-05-07,20.0
42633,2024-07-07,20.0
42642,2024-01-26,20.0
42655,2024-06-11,22.0
42679,2024-06-09,22.0
42684,2024-06-01,22.0
42688,2024-04-24,20.0
42690,2024-02-10,20.0
42704,2024-01-09,20.0
42705,2024-05-21,20.0
42708,2024-01-26,22.0
42712,2024-06-14,20.0
42723,2024-01-23,22.0
42724,2024-06-20,22.0
42726,2024-02-18,20.0
42731,2024-07-08,20.0
42736,2024-02-04,20.0
42741,2024-04-05,20.0
42759,2024-02-03,22.0
42762,2024-03-10,20.0
42784,2024-06-19,20.0
42794,2024-01-14,20.0
42804,2024-06-01,20.0
42827,2024-01-21,20.0
42832,2024-05-26,20.0
42842,2024-04-21,22.0
42857,2024-02-24,20.0
42858,2024-01-28,22.0
42874,2024-02-10,20.0
42878,2024-06-01,20.0
42888,2024-07-03,20.0
42899,2024-03-27,22.0
42901,2024-06-02,20.0
42916,2024-02-12,20.0
42918,2024-06-27,20.0
42940,2024-05-03,20.0
42950,2024-04-01,22.0
42956,2024-03-12,20.0
42966,2024-04-24,22.0
42977,2024-02-25,20.0
42979,2024-01-12,22.0
43005,2024-01-10,22.0
43011,2024-03-27,22.0
43020,2024-04-07,20.0
43021,2024-01-15,20.0
43023,2024-05-15,20.0
43024,2024-01-19,20.0
43044,2024-03-05,22.0
43053,2024-06-27,22.0
43059,2024-03-03,20.0
43076,2024-06-14,20.0
43098,2024-06-27,22.0
43109,2024-02-11,20.0
43122,2024-03-11,20.0
43127,2024-02-04,20.0
43132,2024-04-26,20.0
43141,2024-02-25,22.0
43145,2024-02-17,20.0
43152,2024-03-21,20.0
43158,2024-04-27,22.0
43174,2024-04-10,22.0
43184,2024-06-18,22.0
43187,2024-06-09,22.0
43201,2024-01-30,20.0
43224,2024-05-04,20.0
43229,2024-05-29,20.0
43250,2024-04-10,20.0
43258,2024-05-24,22.0
43261,2024-02-11,22.0
43267,2024-05-24,20.0
43271,2024-03-06,20.0
43274,2024-03-28,20.0
43276,2024-07-02,22.0
43280,2024-03-01,20.0
43284,2024-05-25,22.0
43290,2024-06-16,20.0
43309,2024-04-10,22.0
43313,2024-07-10,22.0
43317,2024-04-07,22.0
43328,2024-06-05,20.0
43343,2024-06-29,22.0
43345,2024-05-06,20.0
43351,2024-04-03,20.0
43353,2024-05-14,20.0
43354,2024-01-08,20.0
43356,2024-02-06,22.0
43362,2024-04-20,22.0
43364,2024-02-11,20.0
43365,2024-05-03,20.0
43374,2024-01-15,20.0
43376,2024-01-22,20.0
43394,2024-05-21,22.0
43404,2024-04-13,20.0
43408,2024-06-20,20.0
43413,2024-02-02,20.0
43440,2024-03-07,20.0
43443,2024-02-01,22.0
43450,2024-03-24,20.0
43479,2024-02-22,20.0
43486,2024-03-11,20.0
43489,2024-01-24,20.0
43504,2024-04-01,20.0
43507,2024-03-13,20.0
43517,2024-04-09,20.0
43530,2024-05-01,20.0
43536,2024-01-24,20.0
43543,2024-04-11,22.0
43545,2024-02-15,22.0
43579,2024-05-31,20.0
43581,2024-04-10,22.0
43585,2024-06-21,22.0
43588,2024-04-22,20.0
43598,2024-05-19,22.0
43612,2024-01-16,20.0
43621,2024-05-16,22.0
43624,2024-04-21,22.0
43626,2024-02-06,20.0
43646,2024-05-25,20.0
43666,2024-01-18,22.0
43668,2024-04-23,20.0
43698,2024-04-26,20.0
43709,2024-04-18,20.0
43724,2024-06-15,22.0
43725,2024-01-15,20.0
43727,2024-02-15,22.0
43735,2024-03-02,20.0
43738,2024-03-12,22.0
43744,2024-04-27,20.0
43750,2024-03-06,20.0
43782,2024-04-04,22.0
43788,2024-04-03,20.0
43815,2024-01-25,20.0
43826,2024-05-07,22.0
43842,2024-01-12,20.0
43864,2024-02-04,20.0
43868,2024-05-03,20.0
43879,2024-07-01,20.0
43882,2024-01-27,22.0
43895,2024-04-24,20.0
43899,2024-05-02,20.0
43925,2024-03-16,22.0
43929,2024-05-04,22.0
43936,2024-03-15,20.0
43937,2024-02-12,20.0
43938,2024-03-28,20.0
43939,2024-04-19,20.0
43941,2024-04-07,22.0
43944,2024-03-05,20.0
43950,2024-05-09,20.0
43956,2024-05-12,20.0
43968,2024-05-08,20.0
43969,2024-03-09,20.0
43978,2024-03-20,22.0
43994,2024-01-30,20.0
44000,2024-04-18,20.0
44007,2024-04-06,22.0
44018,2024-03-03,20.0
44020,2024-05-09,22.0
44021,2024-04-01,22.0
44027,2024-01-14,20.0
44031,2024-05-26,20.0
44044,2024-05-30,22.0
44069,2024-06-03,20.0
44071,2024-05-27,20.0
44074,2024-02-01,20.0
44076,2024-01-31,20.0
44081,2024-04-18,20.0
44089,2024-06-20,20.0
44099,2024-05-13,22.0
44105,2024-03-10,20.0
44118,2024-04-26,20.0
44123,2024-03-06,22.0
44137,2024-03-09,20.0
44138,2024-02-26,22.0
44139,2024-04-29,20.0
44158,2024-01-22,20.0
44165,2024-02-01,20.0
44166,2024-03-06,20.0
44171,2024-02-13,20.0
44176,2024-06-23,22.0
44186,2024-03-13,20.0
44190,2024-04-14,20.0
44191,2024-03-10,22.0
44196,2024-04-19,20.0
44202,2024-02-16,22.0
44205,2024-05-01,20.0
44216,2024-03-07,20.0
44217,2024-05-17,20.0
44221,2024-02-04,22.0
44224,2024-05-13,20.0
44229,2024-06-05,20.0
44232,2024-01-28,22.0
44239,2024-03-04,22.0
44245,2024-06-03,20.0
44246,2024-06-04,20.0
44257,2024-03-11,22.0
44259,2024-03-15,22.0
44300,2024-02-24,22.0
44301,2024-05-27,22.0
44314,2024-04-16,22.0
44325,2024-02-26,20.0
44339,2024-02-01,22.0
44348,2024-05-20,22.0
44349,2024-02-14,20.0
44353,2024-04-18,22.0
44368,2024-05-13,20.0
44372,2024-05-11,20.0
44390,2024-05-18,20.0
44399,2024-01-27,22.0
44403,2024-05-02,22.0
44414,2024-04-21,20.0
44465,2024-03-25,20.0
44476,2024-02-08,20.0
44485,2024-05-13,20.0
44489,2024-02-28,22.0
44510,2024-05-30,20.0
44523,2024-06-24,22.0
44547,2024-05-09,20.0
44564,2024-01-26,22.0
44565,2024-06-01,22.0
44567,2024-05-04,22.0
44576,2024-01-19,20.0
44580,2024-05-15,20.0
44583,2024-01-12,20.0
44594,2024-04-09,20.0
44599,2024-01-14,20.0
44607,2024-05-22,20.0
44612,2024-03-09,20.0
44618,2024-01-30,20.0
44628,2024-01-05,22.0
44632,2024-01-06,20.0
44641,2024-06-08,20.0
44645,2024-05-25,22.0
44651,2024-03-23,20.0
44652,2024-01-17,20.0
44657,2024-01-11,20.0
44660,2024-03-27,20.0
44688,2024-05-31,20.0
44689,2024-03-20,20.0
44708,2024-02-27,20.0
44723,2024-06-09,22.0
44736,2024-01-25,20.0
44751,2024-05-04,20.0
44753,2024-03-16,20.0
44755,2024-03-03,22.0
44759,2024-06-30,22.0
44762,2024-04-22,22.0
44777,2024-05-03,20.0
44781,2024-04-16,20.0
44807,2024-01-16,20.0
44814,2024-06-03,20.0
44824,2024-01-22,20.0
44831,2024-01-27,20.0
44843,2024-04-05,20.0
44844,2024-06-16,22.0
44852,2024-01-22,22.0
44871,2024-05-11,20.0
44875,2024-02-03,22.0
44882,2024-01-28,20.0
44886,2024-06-13,20.0
44888,2024-07-03,22.0
44905,2024-03-21,20.0
44917,2024-03-18,22.0
44920,2024-04-20,22.0
44933,2024-06-11,20.0
44946,2024-06-12,20.0
44968,2024-03-30,22.0
44981,2024-02-19,20.0
44985,2024-03-02,20.0
44992,2024-06-04,20.0
44996,2024-06-21,20.0
45008,2024-07-02,22.0
45020,2024-04-16,20.0
45030,2024-03-31,20.0
45045,2024-06-13,20.0
45063,2024-03-30,20.0
45075,2024-05-06,22.0
45078,2024-03-31,22.0
45087,2024-05-17,22.0
45093,2024-02-02,22.0
45101,2024-02-12,22.0
45103,2024-02-14,20.0
45109,2024-04-03,20.0
45117,2024-01-15,20.0
45138,2024-03-28,20.0
45149,2024-01-08,22.0
45159,2024-05-10,20.0
45161,2024-02-15,20.0
45166,2024-07-05,20.0
45167,2024-03-22,20.0
45171,2024-04-17,22.0
45174,2024-01-17,20.0
45181,2024-03-11,20.0
45197,2024-06-10,20.0
45200,2024-05-25,20.0
45206,2024-05-02,20.0
45209,2024-05-25,20.0
45215,2024-01-12,20.0
45219,2024-04-15,20.0
45251,2024-03-21,22.0
45253,2024-05-11,20.0
45255,2024-02-27,20.0
45268,2024-03-29,22.0
45276,2024-03-15,22.0
45281,2024-04-29,20.0
45288,2024-04-18,20.0
45297,2024-07-01,22.0
45301,2024-04-30,20.0
45309,2024-05-05,20.0
45312,2024-03-06,20.0
45320,2024-01-30,20.0
45321,2024-03-04,20.0
45324,2024-03-14,20.0
45328,2024-02-18,20.0
45335,2024-02-07,20.0
45337,2024-02-17,20.0
45356,2024-02-04,22.0
45375,2024-04-14,20.0
45385,2024-02-17,22.0
45402,2024-07-03,20.0
45404,2024-06-05,22.0
45424,2024-06-09,20.0
45431,2024-07-02,20.0
45437,2024-07-01,22.0
45438,2024-07-01,20.0
45444,2024-04-10,20.0
45445,2024-03-05,20.0
45449,2024-04-11,20.0
45452,2024-03-02,22.0
45466,2024-01-12,20.0
45472,2024-05-15,22.0
45479,2024-03-24,20.0
45500,2024-06-12,22.0
45516,2024-06-06,20.0
45520,2024-04-20,22.0
45533,2024-04-27,22.0
45538,2024-06-18,20.0
45540,2024-05-09,22.0
45552,2024-04-20,20.0
45554,2024-04-11,20.0
45564,2024-02-24,20.0
45570,2024-06-19,20.0
45572,2024-06-28,20.0
45586,2024-01-15,20.0
45587,2024-02-08,22.0
45596,2024-02-11,20.0
45600,2024-02-28,22.0
45601,2024-05-18,20.0
45608,2024-06-16,20.0
45616,2024-05-27,20.0
45648,2024-05-29,22.0
45653,2024-01-26,22.0
45666,2024-02-04,22.0
45668,2024-05-04,22.0
45688,2024-03-24,20.0
45719,2024-04-24,20.0
45729,2024-01-29,20.0
45733,2024-03-27,22.0
45761,2024-02-24,20.0
45763,2024-03-19,20.0
45771,2024-07-01,20.0
45776,2024-04-26,20.0
45777,2024-06-20,20.0
45781,2024-04-02,20.0
45783,2024-01-22,20.0
45805,2024-07-02,22.0
45830,2024-02-23,22.0
45856,2024-03-26,20.0
45862,2024-06-01,20.0
45897,2024-05-22,20.0
45906,2024-05-29,20.0
45913,2024-02-05,22.0
45922,2024-06-02,20.0
45923,2024-03-01,20.0
45927,2024-05-26,20.0
45932,2024-04-03,20.0
45937,2024-04-11,20.0
45942,2024-01-18,20.0
45947,2024-05-21,22.0
45958,2024-03-10,22.0
45964,2024-03-12,20.0
45966,2024-05-17,22.0
45968,2024-01-12,20.0
45985,2024-02-19,20.0
45987,2024-04-23,20.0
45995,2024-04-01,20.0
46001,2024-04-12,20.0
46010,2024-04-22,22.0
46047,2024-06-11,20.0
46056,2024-06-23,22.0
46067,2024-04-13,22.0
46080,2024-06-01,22.0
46086,2024-06-28,20.0
46088,2024-05-06,22.0
46093,2024-06-18,20.0
46098,2024-06-12,20.0
46108,2024-05-24,22.0
46115,2024-03-12,22.0
46118,2024-01-12,22.0
46129,2024-03-11,22.0
46136,2024-02-21,22.0
46137,2024-02-13,20.0
46138,2024-02-03,20.0
46142,2024-07-06,22.0
46152,2024-06-06,22.0
46165,2024-06-09,20.0
46167,2024-03-13,22.0
46187,2024-04-26,20.0
46198,2024-06-27,20.0
46211,2024-06-17,20.0
46217,2024-03-07,20.0
46219,2024-02-20,20.0
46235,2024-04-17,20.0
46238,2024-06-19,20.0
46247,2024-02-12,20.0
46248,2024-06-15,22.0
46250,2024-01-23,20.0
46258,2024-06-18,20.0
46272,2024-04-22,20.0
46315,2024-06-28,22.0
46340,2024-06-23,22.0
46347,2024-03-10,22.0
46352,2024-06-09,20.0
46355,2024-02-28,22.0
46357,2024-02-04,22.0
46370,2024-03-13,22.0
46381,2024-04-17,20.0
46386,2024-04-20,20.0
46388,2024-04-13,22.0
46390,2024-05-26,20.0
46402,2024-05-08,20.0
46407,2024-04-28,20.0
46412,2024-03-16,20.0
46413,2024-04-28,22.0
46428,2024-01-11,20.0
46436,2024-04-10,22.0
46437,2024-04-11,22.0
46440,2024-01-28,22.0
46459,2024-01-15,20.0
46462,2024-02-13,20.0
46464,2024-06-26,20.0
46469,2024-04-27,22.0
46480,2024-04-06,20.0
46488,2024-05-04,20.0
46521,2024-04-26,20.0
46523,2024-03-14,22.0
46527,2024-07-02,20.0
46531,2024-03-16,22.0
46534,2024-02-25,20.0
46539,2024-03-31,20.0
46540,2024-06-20,20.0
46542,2024-04-11,20.0
46548,2024-01-21,22.0
46581,2024-06-27,20.0
46588,2024-06-17,20.0
46589,2024-05-18,20.0
46598,2024-03-19,22.0
46601,2024-06-23,22.0
46602,2024-01-18,20.0
46607,2024-01-20,20.0
46648,2024-02-27,20.0
46666,2024-01-31,22.0
46683,2024-02-21,22.0
46685,2024-04-06,20.0
46690,2024-06-04,20.0
46702,2024-03-16,22.0
46733,2024-04-25,20.0
46737,2024-07-01,20.0
46738,2024-06-10,20.0
46739,2024-07-04,22.0
46743,2024-01-25,22.0
46765,2024-07-03,22.0
46768,2024-02-04,20.0
46777,2024-02-17,22.0
46792,2024-01-16,20.0
46807,2024-06-16,22.0
46810,2024-06-09,22.0
46812,2024-05-28,20.0
46821,2024-07-02,22.0
46866,2024-06-12,22.0
46896,2024-04-30,20.0
46900,2024-01-15,20.0
46902,2024-05-08,20.0
46904,2024-03-04,22.0
46909,2024-05-21,20.0
46938,2024-05-25,20.0
46942,2024-04-19,20.0
46946,2024-04-07,22.0
46961,2024-06-13,20.0
46962,2024-06-17,20.0
46971,2024-05-30,22.0
46973,2024-06-25,20.0
46974,2024-05-07,20.0
46975,2024-05-15,20.0
46986,2024-04-10,22.0
46994,2024-05-02,20.0
46997,2024-05-20,22.0
46999,2024-03-16,20.0
47001,2024-01-18,22.0
47004,2024-05-29,22.0
47005,2024-06-06,22.0
47012,2024-04-15,20.0
47017,2024-03-31,20.0
47019,2024-03-25,20.0
47035,2024-06-23,20.0
47042,2024-02-17,20.0
47060,2024-05-22,22.0
47066,2024-06-30,22.0
47072,2024-02-24,20.0
47073,2024-06-12,20.0
47090,2024-02-14,20.0
47117,2024-06-08,22.0
47126,2024-03-14,20.0
47127,2024-03-31,20.0
47143,2024-02-01,22.0
47160,2024-03-19,20.0
47173,2024-03-20,22.0
47175,2024-03-11,20.0
47179,2024-06-30,20.0
47230,2024-05-13,20.0
47232,2024-05-25,20.0
47234,2024-02-16,22.0
47237,2024-01-06,20.0
47238,2024-04-18,20.0
47247,2024-05-27,20.0
47250,2024-04-27,20.0
47253,2024-04-14,20.0
47258,2024-01-17,20.0
47274,2024-02-10,20.0
47281,2024-06-22,22.0
47288,2024-05-09,22.0
47291,2024-03-15,20.0
47308,2024-02-24,22.0
47314,2024-06-02,22.0
47342,2024-04-19,20.0
47355,2024-06-21,22.0
47356,2024-03-06,20.0
47379,2024-04-03,22.0
47385,2024-01-12,22.0
47402,2024-01-19,20.0
47404,2024-01-12,20.0
47417,2024-06-06,20.0
47433,2024-03-08,20.0
47436,2024-02-05,22.0
47441,2024-05-08,22.0
47478,2024-06-28,20.0
47480,2024-01-23,20.0
47481,2024-05-30,20.0
47483,2024-03-05,20.0
47485,2024-03-14,22.0
47491,2024-03-09,20.0
47502,2024-05-31,20.0
47506,2024-03-10,20.0
47513,2024-02-28,22.0
47519,2024-04-18,20.0
47529,2024-05-15,20.0
47534,2024-06-15,22.0
47545,2024-02-16,20.0
47551,2024-04-09,22.0
47575,2024-02-07,22.0
47585,2024-03-01,20.0
47588,2024-06-29,20.0
47609,2024-06-09,20.0
47611,2024-06-07,22.0
47615,2024-05-04,20.0
47619,2024-02-17,22.0
47621,2024-04-13,20.0
47631,2024-04-21,20.0
47641,2024-01-18,20.0
47643,2024-03-26,22.0
47677,2024-02-10,20.0
47681,2024-04-23,20.0
47695,2024-04-26,22.0
47696,2024-02-09,22.0
47703,2024-06-04,20.0
47705,2024-07-03,20.0
47727,2024-03-02,20.0
47736,2024-05-09,22.0
47748,2024-03-02,20.0
47751,2024-01-19,20.0
47754,2024-03-22,22.0
47760,2024-04-30,20.0
47771,2024-06-07,20.0
47795,2024-05-31,22.0
47801,2024-01-28,20.0
47805,2024-03-07,20.0
47807,2024-02-12,22.0
47821,2024-02-03,20.0
47831,2024-05-08,20.0
47844,2024-02-19,22.0
47845,2024-01-29,20.0
47852,2024-02-13,20.0
47854,2024-05-05,20.0
47886,2024-02-25,20.0
47895,2024-04-05,20.0
47905,2024-02-23,22.0
47907,2024-01-24,20.0
47908,2024-01-31,20.0
47953,2024-05-20,22.0
47963,2024-05-22,20.0
48005,2024-05-23,20.0
48019,2024-02-18,20.0
48021,2024-03-22,22.0
48027,2024-02-26,22.0
48040,2024-05-25,20.0
48053,2024-03-29,20.0
48058,2024-02-20,20.0
48074,2024-06-27,22.0
48077,2024-07-01,20.0
48095,2024-01-19,22.0
48101,2024-05-02,22.0
48122,2024-01-29,22.0
48128,2024-01-13,22.0
48129,2024-05-03,20.0
48140,2024-03-05,20.0
48141,2024-04-20,20.0
48169,2024-02-06,22.0
48171,2024-02-23,22.0
48184,2024-04-11,22.0
48187,2024-01-26,20.0
48213,2024-04-13,20.0
48214,2024-05-29,22.0
48220,2024-07-01,20.0
48226,2024-03-06,22.0
48231,2024-04-24,22.0
48251,2024-05-25,20.0
48276,2024-06-06,20.0
48292,2024-01-18,22.0
48296,2024-05-17,22.0
48309,2024-05-22,20.0
48316,2024-05-28,20.0
48317,2024-01-22,22.0
48321,2024-04-19,20.0
48334,2024-05-05,20.0
48337,2024-03-30,20.0
48350,2024-01-20,20.0
48352,2024-05-17,20.0
48356,2024-03-12,20.0
48358,2024-01-08,20.0
48360,2024-01-12,20.0
48362,2024-05-25,20.0
48378,2024-03-11,22.0
48386,2024-07-02,20.0
48395,2024-04-02,20.0
48401,2024-06-10,22.0
48410,2024-04-16,20.0
48412,2024-07-02,22.0
48419,2024-03-22,20.0
48441,2024-06-10,22.0
48447,2024-01-22,22.0
48453,2024-04-28,20.0
48463,2024-01-15,20.0
48464,2024-04-08,22.0
48467,2024-01-18,22.0
48477,2024-01-07,22.0
48492,2024-04-25,20.0
48493,2024-02-14,20.0
48499,2024-01-07,20.0
48506,2024-06-18,20.0
48517,2024-05-30,20.0
48519,2024-05-18,20.0
48544,2024-05-12,22.0
48547,2024-07-05,20.0
48557,2024-05-04,20.0
48559,2024-06-03,22.0
48561,2024-02-07,22.0
48565,2024-01-28,20.0
48570,2024-03-03,20.0
48579,2024-05-23,20.0
48585,2024-02-18,22.0
48609,2024-01-25,22.0
48616,2024-03-29,20.0
48632,2024-02-04,20.0
48637,2024-05-24,20.0
48642,2024-03-07,20.0
48646,2024-03-10,22.0
48647,2024-06-19,20.0
48648,2024-03-04,20.0
48661,2024-05-03,22.0
48680,2024-07-02,22.0
48682,2024-02-27,20.0
48698,2024-01-28,20.0
48700,2024-01-04,22.0
48706,2024-05-05,20.0
48739,2024-05-02,22.0
48747,2024-05-04,20.0
48755,2024-02-28,22.0
48763,2024-03-12,22.0
48771,2024-06-14,20.0
48783,2024-04-16,20.0
48791,2024-03-16,22.0
48808,2024-01-26,22.0
48809,2024-04-13,22.0
48815,2024-04-19,20.0
48823,2024-04-12,22.0
48826,2024-02-23,22.0
48844,2024-05-01,22.0
48850,2024-03-29,22.0
48855,2024-04-08,20.0
48864,2024-05-15,22.0
48870,2024-05-06,20.0
48872,2024-03-17,22.0
48883,2024-02-10,20.0
48901,2024-04-16,20.0
48911,2024-01-25,22.0
48919,2024-06-20,22.0
48927,2024-05-01,22.0
48929,2024-01-31,22.0
48931,2024-03-28,20.0
48935,2024-02-28,20.0
48936,2024-06-19,20.0
48937,2024-03-29,22.0
48941,2024-01-12,22.0
48945,2024-05-16,20.0
48956,2024-03-29,20.0
48961,2024-04-01,20.0
48970,2024-05-23,22.0
48971,2024-04-12,20.0
48976,2024-03-29,22.0
48986,2024-04-12,20.0
48995,2024-05-10,20.0
49012,2024-06-18,20.0
49021,2024-01-24,20.0
49025,2024-05-06,20.0
49028,2024-03-21,22.0
49034,2024-05-31,20.0
49038,2024-06-21,22.0
49040,2024-05-10,20.0
49049,2024-03-12,20.0
49058,2024-04-13,20.0
49069,2024-06-04,20.0
49081,2024-06-09,20.0
49083,2024-04-01,20.0
49084,2024-06-10,22.0
49085,2024-03-18,20.0
49093,2024-03-03,20.0
49113,2024-03-02,22.0
49115,2024-04-30,20.0
49123,2024-06-11,20.0
49142,2024-02-14,22.0
49143,2024-05-28,20.0
49158,2024-02-22,20.0
49163,2024-01-23,20.0
49179,2024-05-24,20.0
49191,2024-04-11,22.0
49193,2024-02-08,22.0
49194,2024-04-20,20.0
49205,2024-03-16,20.0
49206,2024-02-28,20.0
49220,2024-05-09,20.0
49223,2024-04-27,22.0
49239,2024-04-21,20.0
49243,2024-05-18,20.0
49257,2024-04-04,20.0
49258,2024-02-28,22.0
49295,2024-03-22,22.0
49300,2024-02-25,20.0
49329,2024-03-09,20.0
49330,2024-01-21,20.0
49336,2024-05-15,22.0
49338,2024-04-29,20.0
49340,2024-05-24,20.0
49358,2024-03-30,20.0
49365,2024-02-24,20.0
49379,2024-02-18,20.0
49385,2024-06-20,20.0
49390,2024-03-16,20.0
49420,2024-01-11,20.0
49421,2024-06-14,22.0
49437,2024-05-23,22.0
49442,2024-01-27,20.0
49448,2024-07-01,20.0
49451,2024-02-07,22.0
49461,2024-06-03,22.0
49463,2024-06-21,20.0
49470,2024-05-27,20.0
49472,2024-04-10,22.0
49483,2024-05-21,20.0
49486,2024-05-04,22.0
49488,2024-04-18,22.0
49490,2024-01-12,20.0
49494,2024-04-01,20.0
49497,2024-04-19,20.0
49499,2024-05-17,20.0
49507,2024-03-06,20.0
49514,2024-03-09,22.0
49530,2024-03-04,20.0
49543,2024-04-09,20.0
49549,2024-02-15,22.0
49551,2024-04-21,20.0
49559,2024-02-24,20.0
49563,2024-02-28,22.0
49566,2024-02-06,20.0
49569,2024-06-16,20.0
49581,2024-02-26,22.0
49582,2024-02-22,20.0
49586,2024-06-27,22.0
49590,2024-06-07,22.0
49596,2024-02-25,22.0
49605,2024-01-24,20.0
49609,2024-04-12,20.0
49619,2024-02-01,20.0
49623,2024-05-05,22.0
49627,2024-02-01,20.0
49632,2024-05-17,20.0
49649,2024-07-02,22.0
49654,2024-06-20,20.0
49661,2024-06-12,22.0
49681,2024-04-06,22.0
49709,2024-03-03,20.0
49715,2024-03-16,20.0
49735,2024-01-05,22.0
49742,2024-02-03,20.0
49747,2024-07-02,20.0
49748,2024-06-08,22.0
49763,2024-02-08,22.0
49785,2024-07-01,20.0
49799,2024-04-16,20.0
49800,2024-06-02,20.0
49806,2024-06-18,20.0
49808,2024-01-18,22.0
49814,2024-05-26,20.0
49820,2024-04-01,22.0
49823,2024-01-11,20.0
49840,2024-04-11,20.0
49873,2024-05-19,20.0
49879,2024-03-06,20.0
49916,2024-05-19,22.0
49926,2024-02-06,20.0
49938,2024-06-16,22.0
49945,2024-03-08,22.0
49953,2024-05-05,20.0
49955,2024-05-27,20.0
49961,2024-02-26,22.0
49964,2024-05-20,22.0
49970,2024-04-20,22.0
49973,2024-06-29,22.0
49974,2024-05-08,20.0
49983,2024-04-18,20.0
49985,2024-01-16,20.0
49988,2024-05-24,22.0
50000,2024-04-10,20.0
